876fa0b7
29808093
eb1fa137
cbe10113
ea7971b7
e1218193
d4999237
b1120213
cb6b22b7
1e828293
01f04337
cdd30313
6bf4e3b7
c2938393
d6110437
b4f40413
8d09b4b7
f0748493
89e6a537
bd250513
70dac5b7
a0b58593
df4d1637
6a460613
6fe186b7
ced68693
a1f83737
3c870713
f5f637b7
83678793
ac90b837
7e680813
904cd8b7
4c388893
0a42b937
f4790913
b209f9b7
a5e98993
202d2a37
66ea0a13
80338ab7
568a8a93
c51ecb37
c02b0b13
51595bb7
491b8b93
10011c37
800c0c13
10012cb7
800c8c93
10013d37
800d0d13
10014db7
800d8d93
10015e37
800e0e13
10016eb7
800e8e93
10017f37
800f0f13
10018fb7
800f8f93
867d0b83
5c4e8903
864d5503
40c85233
874d2623
86ed5603
876d1523
407ad4b3
01378ab3
aa94ea93
0039bbb3
40035313
860d1703
00411813
011897b3
86fd4203
152fc183
40cb8133
40ba00b3
877d0323
bccfa423
aaaf7a93
8daaa193
5559c693
410207b3
00171793
864d1223
011338b3
a49a6917
86cd5b03
013740b3
872d1423
401fd233
c62c1483
00d549b3
fffb8b93
0168a533
d9b83137
355f8183
86dd4683
0176d233
41ed01b3
87fd00a3
d18f4613
0069bab3
0037f5b3
870d1023
adc04813
d01f9223
475f7937
0056d633
40565693
c62c2423
00023693
010fbbb3
fff44413
867d0303
41ff8ab3
012e3833
018a5833
0175b3b3
40f387b3
01ba9ab3
00c31493
acfdc903
86dd0583
6a4ccb83
01e9f0b3
415257b3
8000e093
860d2703
be8da203
aaa1e513
bf5d8523
fcbf0523
d07f8003
2388c593
0094f3b3
f40fa503
f23f9023
3f3e8503
d1ef8423
5b1f0ab7
01a1f1b3
415984b3
db4f1223
00920833
acfda223
eecdd203
146e3113
217ea023
00c03ab3
4e2f8a23
becd8a03
aaa43513
9e4e2a23
ac0d9103
d6024493
e40c2b83
b0cd2903
fffe2013
dadf4683
01493533
0169a0b3
00dcb833
f4af9583
751fc717
1c75c9b7
d10f8423
cc2e2023
c61f0903
00815733
c52fa223
c57f8723
a99d1e23
4b7ca423
41ced0b3
da0f5983
28efd903
d0dfa623
399f2a23
c15ea023
00f662b3
00c62533
011de8b3
01e6e0b3
25140193
772cd783
555da7b7
51ff0293
00d2c133
4170d533
2c0f9803
416ad2b3
968f8083
40e0db33
41495133
01584ab3
404ed033
96c34513
41085213
40118133
dd5ca023
dd4c8723
00436733
06ccb313
01ff0933
2b8d8703
c45d2e23
aaaa7513
a1ce01a3
ccbec693
da4f1423
0109c9b3
555c0a93
00841613
017dd393
feceab83
197d8c23
38cf1823
41bc5213
408e8933
c77c06b7
0092db33
2badae23
00ec46b3
2bbd9923
4a93b913
5ef0a713
2b4d8203
2bcd9503
fff9a913
d25c8c23
01ff9093
0156c5b3
01814233
01f19013
17d6b713
23d83297
008093b3
2cafd983
4014d0b3
00cd1a93
f4b3f013
aace5a03
d23f0103
5941c613
04bc8103
b905e513
aaa32b93
30218a13
511d2a23
0022c433
aa0e1983
825f8183
004a5293
d3fcca83
1c4fa903
4f8c8703
b5e72913
41535793
00c7a633
56926693
0117d613
00557a33
4047d8b3
399f0183
1cef9723
1c0fa623
406154b3
1c8fa983
019d01b3
00cb29b3
01ae1b33
b60f2423
41da04b3
6d4cc217
ab2e2023
d2eea623
008e8233
1cefa623
365f0a03
0fe8e693
01d61bb3
820f9423
00b8f3b3
414f84b3
0065a933
202e1483
d27c89a3
018836b3
01347633
00f774b3
01c15633
7fffa713
012d9033
00235133
822f8103
d30c8403
b7bf2623
00c2d3b3
d77f8283
f49c1423
017d25b3
4e0eb913
80063793
01b5a5b3
822f9523
d28c88a3
1c2fd583
82cfd803
b7df1423
01f98533
abed0b83
b66f1983
800d7713
36ef4983
072dd303
402752b3
b74f1023
d3acd983
add98813
01f4b933
9d4fe913
3f7f9623
f55ea423
400b2993
0b097917
f4ce9803
53ed9683
002b84b3
01936533
00784833
d86ea623
d5b8c5b7
8753c493
00d6a1b3
015ae3b3
011f37b3
f44ed403
40385793
c0b54797
00026513
c7b64413
f47e9123
439f9023
53ed9b83
01e277b3
2d4d1803
411dd5b3
40f7d7b3
018195b3
41170a33
cd7ac713
7ff3a713
00ce3933
429f9223
5555fb93
01601593
01fd1493
01caf133
523d89a3
e7cd2403
40cd58b3
001864b3
009c5613
aaa9e093
460eac23
008b09b3
019e5a33
02de8903
f4ee8423
824d9023
008fd093
c84d2023
0001f333
016ae2b3
01de2733
00006913
01072a33
2cce2a83
8003f693
532d9b03
868f2603
89a1bb97
068fa783
00e54833
018d5a93
0164da13
fe92fb13
f4bea023
3a230893
daed1583
86af1903
32af1b83
b69c0983
857d02a3
eb1ca313
475ecb03
320f2883
791cc103
00fb4833
fff5f193
928e1d23
41695593
65a82693
01983133
386c5203
40da5893
c84d1223
01e2e2b3
01c4d733
ee0e2423
005c1a93
e70d8213
40278133
1e3c0a83
00e71113
a3054313
0c4e9403
230d4203
001b1893
014e9493
124ea783
390c1523
416f5b83
414f5803
1f2c01a3
5b8e9b03
e2eed103
01a952b3
d864e613
55538493
00999213
39cf1183
f1df0b83
001bba93
419353b3
63cf1023
4154d993
001b2313
000e1993
40e45733
0034eb33
bb5e67b7
38ec1b03
381c2023
f8dc1823
40a706b3
220d1d23
da9dc683
00c782b3
01e51013
932fd683
0035f033
5a9eae23
0175e633
388c5583
e7812793
01136433
0015f933
98edd783
f76f4783
01857733
00354233
00f71513
a8ce5683
5a6e9f23
00b447b3
ff2ff093
00501633
01911213
7ffcaa93
014a9793
01441193
41965413
01baa233
63df2623
0153eab3
41820b33
118f5683
922f8ea3
4d4b0093
40ed88b3
01df2833
8e4e1003
ecac4803
389c2023
01d196b3
8ebeaa23
92cfaa23
aeedaa23
01b0f333
a07df213
009c61b3
0082dab3
6f3e2e23
6d8f2a03
808f9d23
016e8233
400f0533
31cd2a03
01611333
28ec1083
7ffef193
8e5e0283
97f48613
01c2d313
002ce133
b1d68a93
00998833
633f2023
00e0b933
011e5613
86ec9e23
31fd0803
8e1eac23
718ed903
5e400593
af8d8703
6d278ab7
ff4c5583
014070b3
291c07a3
73d13037
28ac1483
cc3c8803
00322b33
675d9f23
01bfa0b3
038c2623
af5d9a23
0125f833
1f3ac113
7ff9c293
e3811497
00b9b333
00631093
0063e333
8f4e1523
024d5303
a0bf8423
00dfbbb3
4f9d9e23
006509b3
87cc9983
009734b3
412ed533
419bd913
06c48313
013fd433
82ee4583
cc0cc783
02bc4283
37894913
28ec0983
a26d0983
0039d9b3
800fb313
82ae4683
84ec5383
000b22b3
0131e833
202f0783
1f7c0283
1c8f1b03
9fcca283
00d81493
84ac5683
00add233
dc4f1483
01101413
40a906b3
87cc9a23
a24d5803
010d51b3
842c1983
015f5093
87ec8103
204f1b03
845c2623
0020d2b3
841c0983
495fa223
a3ba2893
000c0993
00e91b93
1baddb83
878c8983
859c2423
fff6a393
868c9923
0100f933
01f05ab3
00054013
015128b3
0de36013
c80e0923
417b0ab3
451f2c23
41e454b3
8c1e6013
84c2ba93
001416b3
40f585b3
c52dea37
19ee2197
0dcc1923
870ca503
11a7f293
ca402793
800ca693
55598793
01578bb3
b494f137
00696433
007429b3
37bfc493
e2f5c4b7
016af333
0050d633
00fd9f23
25607213
870cc503
874cc603
662cdb83
31ed9423
0121f0b3
0c6c2c23
be929bb7
f0747693
0d8c2283
01bde833
4163d5b3
454f5703
456e0823
d98ca423
310d9723
92fc0a03
018a7bb3
00d38533
82dda623
00869433
019ed413
0015ea93
942e9923
00a09193
d83c8883
01cabab3
3a3ec797
87ecda83
81af5483
289dc003
00564233
00000233
d9ac8323
6e5c5317
ab66a713
8a910b13
d91c8323
be8ea603
67db0693
b34e9883
a8cdaa23
40083113
5e0dda03
8e7c9023
d81c8883
015bd793
00e4b033
01222733
fff44593
0016a293
0059d0b3
d80c9903
01d15293
40458833
011fa133
001a7213
058b6413
ef1d2823
6ea1a593
0178e5b3
c3860413
011a4233
4112d593
67310b93
007c5593
3fec6a93
6cc00113
42c77593
d28c9083
00aab833
555bb093
4e4ee5b7
01c8bb33
0031d1b3
d8ecd783
110da003
017f9b33
d2ef2993
d8dc81a3
d81ca223
dbdea023
7ffbc493
aaa0e613
d88c9023
00828933
daeea423
41a9db13
0037dbb3
d85c9423
0105d933
40b802b3
d88cd103
01dfd133
d88ca023
5dbe0a23
41fa5113
d86cd603
000b5ab3
fc8d0983
1daf9723
01f7e7b3
01ade433
001cd733
fc6d1523
a78c5503
e7aea893
2a4e2703
40f388b3
fc5d0523
415d5093
00a31133
ad02ca37
41f405b3
01959b93
d88c9103
0b2e7993
01b3f133
fff33513
d83ca023
da8ea903
30608937
078b8393
0dad5383
fff38713
387f9623
ff7c8a83
41ddd593
41cf5933
fcdd1723
010a61b3
008f1593
6becd183
00e78833
5acf8803
001481b3
026d5703
589d0a13
c1ef3593
de6c2e23
56addb03
53ec0983
01beb8b3
001e03b3
d82c8b83
00482ab3
eda52b37
01240433
c259ba17
b99a6513
a36f1003
01bb9a13
f84a3093
0d7d0683
734da783
d95c9723
12efd083
400d6693
017a7733
015e2533
01b29913
41f0d5b3
fedc8da3
024d1983
01b6d7b3
568dd403
67f22a97
41e38133
c03f4403
800faa13
008c40b3
01fa24b3
0a6a5437
6e5c1123
00921713
00efca33
a10f2983
2f8e2403
5e0d0f23
00ab5393
00a5d3b3
ff8cc703
41395b13
40e20bb3
c5edac23
007400b3
c46e9223
01ffda33
c1ae8703
00bd9013
1aaad737
528ed583
269ee493
00cecab3
878d9523
4005b493
0179e9b3
c4cec583
c50d8a83
0072d013
573ea223
567e8b83
84de3397
40b40b33
753d8823
f82f9423
01c2b133
2f4f03a3
b2614013
7ac46337
a18f2a83
560e8423
d1efd203
dc8d0ba3
562ea623
9baeae23
0f6fd403
ed34a897
00fe8033
dce5e293
564e9b83
0094e633
c51e8723
00478533
00083893
0024b633
47ae0423
f1ce2823
767e8ca3
d76fd883
d1cfd303
0180a9b3
00d91ab3
3f27b813
4ead1423
7effc883
003018b3
5d92c413
60a67637
4006e293
01e4da93
01d29413
013795b3
6c7f00a3
568e85a3
f8ef8437
80060913
19f07293
cca88393
55550313
018a9133
01d4ca33
419002b3
5463e393
00152893
571ea223
00c76533
f18e08a3
414e5833
d6df8823
00100133
01b05933
00102413
76ce8823
018e0133
00ef7933
0f9fac23
00464633
0a0c2823
00d508b3
f19e2c23
f07e1923
0bfc2e23
4c9d2023
00101b13
0bec5383
f18e5083
00f336b3
f17e0a03
00aa3933
b2ae9183
40d8d433
63678717
003539b3
8b88e237
00a9cab3
fffccb13
590e2823
599e1c23
01bb5333
e39d9223
93dd28b7
ef0e1023
4050d313
0a3c2a23
11472893
00135113
019074b3
ee5e0603
abedc993
402e5893
00c030b3
4c1d1123
01f66233
007577b3
590e4403
952ccb93
0b2fa023
60cd9323
fb5e0483
e2ed9503
591da223
40e18633
b24ea423
41ba53b3
41958ab3
00c89413
40024813
aaa9f693
00fe0033
d34c93b7
00188233
408f8133
599e2823
00482933
0095e7b3
6faf2423
01b914b3
4194d9b3
017ed0b3
01a96933
0c3d9c23
41385993
01f3d593
403088b3
0acfa803
f183cb97
20ed9503
00e715b3
6e9f2223
415dd3b3
0ded9603
6e0f1383
d94da423
415f8933
d92c9003
3814ca17
00190093
00f8d293
b5eca423
990f5983
7a8d0e23
d84d8783
b2bea623
00042193
ee4e0383
1a868113
7ff87a13
00f56133
00f687b3
9bcd8d23
01823333
c17ca423
403dd313
7b0d2203
4e967317
a61d8223
6e4f2903
8006ba13
7ffc4813
0dadc283
c6c97013
9aed9d23
d87d8783
01624933
3b38ca13
9b7d9f23
9b6dc003
00f372b3
40685a93
00e043b3
008a3533
842e5383
a6af0903
9b5d8303
4113d893
416c5933
01261613
000b1733
40be86b3
9b9d8383
017b43b3
01e627b3
f9d17993
270c2083
846e1b83
017c8033
163dac23
b5804417
0085f533
840e2903
00298933
a6ed8583
36ec9603
00123833
7223fb93
aaa6e893
6ede0e23
3ed12a93
849e4283
1b7ca937
2202c517
e53dca93
4160da93
0053e233
272c1e23
01428033
5552f113
010d9333
832ed103
849e2023
00b3b833
84fe2023
9acdae23
37cc8223
00249733
4b855837
019d08b3
b93f4083
00421033
dc6d1103
65e14613
209ea113
014b33b3
843e0323
440c1583
00b70033
844e5503
d117e513
014a9413
3944e793
c2def093
00189533
01e24633
6efe1923
00ba9213
000d5893
bc63d597
7ff52b93
b9ef0083
840e1183
1e463793
84ee0723
fffd8093
883d1f23
b4af9c23
84ee2023
01d46bb3
409f8b33
27b48793
e9859437
a32d8223
84be2623
849e0b83
284fab83
01e6a233
288faa03
10a44313
0015f293
2a7fe393
408f5633
9eee5083
01ef78b3
00c562b3
e4e17b13
9ece2623
d096a793
852e2223
364e1783
0143a733
5a3f4083
41248833
41a689b3
01091093
5282e937
291f85a3
ab660593
008a92b3
378e1423
0b4f6213
a9fe9d23
5559b593
96ed1723
360e2a03
819f4537
9efe0623
00e00933
73dd87a3
02feaa23
9f9e1023
000230b3
8005e293
40a054b3
003c0433
364e0023
01ee2133
368e5083
01e45193
28cfd803
1c6a0b97
0036e5b3
41245433
ab8c2003
400a8313
014796b3
848e1503
00695a13
5a4f5803
0149b833
7c4fa603
001e2b93
4b3f0403
3f066b93
294d0103
9e8e5783
0116d2b3
017529b3
9e2e2223
00faa133
00143433
9def5183
0166b1b3
ec5c6017
00d5abb3
013d51b3
22cf5383
01698233
01dac3b3
be0dd883
cbafe213
fd017bb7
235f2023
0048b333
142c5683
838e9303
d00f1b23
00fb1013
f74d9103
c1cf1383
3d5e8a03
f7cd9d23
8df14213
9e7e2623
3dde9a23
00a2f5b3
00a5b033
c1ff0003
f757f913
009d39b3
0153a433
01baa8b3
204ba093
781f1623
880e9a03
389fcb83
8b6e9323
036dc683
dfca29b7
407355b3
fff73313
384fa303
555cb613
41840633
d02f09a3
00bfd433
009ed833
14ce5003
7c512193
e70d7a93
415ed613
639f2a23
0047d833
3cbe9b23
3deea823
98ccc083
435ca623
01166633
40d05693
01fad793
0077f9b3
3d8e8903
3d02ba93
640e8617
006ffab3
0fcc9903
00a72733
9cd59937
c359fb13
0024ca33
3cfeaa23
bf8eac23
01ed1623
01fb1993
00bce7b3
d18de237
020d8ea3
f86c5583
41705013
f8bb8693
4028d0b3
460ea303
7fcd2423
fff68393
00a8f333
002cda33
d10f1683
9dbc0397
017d8233
0143e933
42fcc583
0fccd583
d7cf1083
0f6cd803
4191da13
018312b3
000d0083
c8ad2223
d12f5083
0005a913
003d2223
330e9f23
7ffd7693
6cad9b23
b2bf2e23
59ac0113
b68ed883
41cd85b3
404bd493
c3746913
002675b3
322ea823
c4dc1e23
76d84a13
41f28bb3
7c9d8793
00724b33
567cac23
6d3dca83
d1df0b23
775e8383
015be933
418102b3
fff1e713
00d80ab3
005122b3
016b8233
2efc2423
008d59b3
0d925197
9e1f9823
530f4b13
c8cd5603
c4ac1d23
01ed9bb3
40ba0bb3
9fcf6313
8d2e8a93
01b15213
00851513
47b4b313
67cfa703
aaaf3913
01f47933
40125693
01f101b3
6adfc503
f9be2423
d4f40013
0bb0d6b7
002cd913
80092693
00310bb3
01359633
fb13b913
014ca7b3
006e5b03
40090a13
b2fd4383
00892233
51cf2203
6d3daa23
f7403413
8566b8b7
6d7d9e23
015438b3
34f3f393
00d58633
293c81a3
c5f5f193
f32e4703
01e25a13
b36d0123
d00e2003
00378633
01ba97b3
75ac8123
9e6fac23
6d6d9303
85cd7597
01361613
00ccca33
01e71b13
406fda33
51ef5b03
d32f0683
e0ada023
83bf4a03
01351033
009b1093
d30f1923
41d455b3
c5ec1b83
00b0d033
01e11ab3
419bdb93
9e0f8fa3
00a416b3
010622b3
00ca02b3
01091093
c58c5283
834f5183
003ce9b3
01da54b3
215be313
80014993
a1d683b7
9f7fa823
01bfd1b3
01ed8433
00082a93
19643937
7baa6393
a36c1d23
fffa0093
00de91b3
c80fa603
9f2f8f23
e0fda423
4120da33
0065e2b3
789d8503
01ef9b33
006fd413
00aa2433
01a8c3b3
017b86b3
00ef6b33
0014cb13
00a571b3
d13f4683
aaffba93
0002d913
162440b7
c95fa223
ebbcc003
cc1c0203
3b8ad3b7
00f381b3
d72257b7
80088213
087d2223
fb1c3a93
a206e993
9f0fdb83
00dda0b3
01a4f7b3
c51c0383
404dfa97
eeb08913
40d189b3
e14d9323
9e4f9d23
9f0f8b03
3bcd9283
b6ebf393
003d53b3
d1fdca83
e0bd8383
9ceca223
8ded2a37
01b4d833
00560233
b53ab213
8cff9a23
9dfc9223
155ea823
fff2e297
00bba233
7ff8f313
f05df593
298fdb03
9e0f9803
415dd433
00910833
4122db13
01ea9ab3
40485413
01b588b3
9fcfa803
6acea803
00031993
158e9a83
0d8c4883
25fc9123
817d5217
405bd733
40c6da93
87dd9e23
155e9d23
042d0ea3
9cccc983
41a30233
7ff4b493
aaa18313
9d0ca223
152c9c23
247c8003
a26f0183
42edd403
a20f2203
40035193
0096e033
00795433
00b61793
016d40b3
40408b33
01f7a133
fff1c713
007b40b3
40b5d733
151ecb83
7f4f2183
41498533
bc5eae23
ffff2a93
00b31313
867d9f23
011d21b3
5eac4783
24cca303
520fd983
865dac23
a3bf2223
157e8ba3
40fc52b3
0013f693
967e2023
15ae8e23
febe8ea3
155ec603
41b95033
c9ce9403
7fff0b23
15ae8803
012bf4b3
b85eae23
555fe913
41c008b3
bc4eac23
408b8a33
033e8583
00a54633
c88eac23
013d9033
a8a22193
41945793
dd8fa683
01e39233
7d3d0103
d3306097
a3fa6393
00386933
aaa16113
591be0b7
4902f613
00ea5613
40027a93
0108b933
bd2ec603
7d0d2b03
01b7d3b3
9c9c2823
b3208b93
b9fe9b23
9d6c0283
018b5bb3
00da8033
00087313
bdde8703
c9ee8e23
168daa83
7c9d0f23
00555433
6f3ff193
760c0aa3
ecaf5683
70af5b83
40abd413
41985013
41e5d093
c8cea823
555de813
4152d113
004f0133
dd4fd303
172d8423
41775ab3
546f9e23
8ad690b7
c7ed9023
00dcfb33
c84e9b23
01144033
65e21b97
164da003
7afc8b23
7a3c8fa3
c65da423
0182d0b3
17cda423
55af9803
2129e913
01208533
ea3c1723
d2062013
19fd9a23
b7cc08a3
00aeb6b3
75eed103
54bf9f23
01644133
010f78b3
01886033
6b31e713
669c2223
af2cd703
0a5f8423
9b8c5483
c94ec283
015649b3
f32e1323
0b2fa623
161dc703
014e7733
afccd883
b6b47413
00a2a0b3
00e207b3
9bdc0103
41dd0333
41135913
20ce1b83
2c1f4a83
13bfac23
8fb06293
41c3d533
543faa23
4fadf893
00f670b3
b56f2023
412e5b33
c91e9f23
527e2623
40985bb3
aaa0b613
94dc2223
370d9517
7abc4b93
764f1b03
2ccf2103
afccd403
99ac5a03
4133d8b3
134fa983
0134d8b3
400f3113
40056b93
416a5433
415cd833
4006d393
59ee1623
120f9423
01c07bb3
768f1323
01de1833
13efd503
b36e9a23
01756233
01719b93
1e6f4603
0014e913
4f111417
129fa623
006ad5b3
0e102213
e84a2837
000ed3b3
767f4283
6b4488b7
8bbeeb37
eb1e82a3
7f203793
0168e9b3
772f2623
133f9d23
411a8133
764f4983
010e9993
00289713
21ef2623
d2ff1323
0dfc09a3
618f8c23
6ae18937
410b5b93
00febb33
ad16c1b7
20af4183
0d2ccb83
82be2023
ee97f713
4093d993
12bf9423
628f9623
01dea233
6de0bb13
60af9b23
212f2623
cf7d8ba3
9fbdc103
7ff4cb13
018d1033
e7ec0923
075d1823
0024aab3
252f4203
6df9a813
000b4713
4fcf1523
005341b3
7ff13013
41525b33
00c9c9b3
0044c5b3
013fd8b3
410c5133
00550233
946f1983
013e96b3
c16f1123
168ca003
43854437
c1af1123
162d2e23
7fe39b97
390eda03
008d5a03
f9cfda03
767a4417
40ec57b3
fc910113
8882d717
01764033
afdc9223
be2b6637
c32cae23
008242b3
4f2f02a3
01134a33
37cc9703
017cc2b3
01b0cbb3
ef31c413
c05f02a3
4f9f2223
00994133
f80f8823
3a489ab7
c3ff85a3
508f9083
41e9d233
008c82b3
ca834497
aa058293
00945293
01c05893
4e4a5237
016733b3
d5bea423
1bf4c937
637d8883
166d0c23
7ff44b13
4e6f4903
f6fe0c23
f19c4283
ded7a193
01831393
ee488037
013859b3
b40dd703
7480fb93
63dd9a23
b4cdc803
012cd233
805c9d23
b82eaa23
407b8833
9eedd603
41e253b3
00b1db33
194f9483
00b99633
504fa803
00ed9433
e7948397
014f9413
018902b3
e710c493
642fa023
d169b413
621d9e23
01d15313
baae0e23
9e1da223
8a7df293
413c00b3
4eef2623
00003613
b12d1323
37dd3593
b08d4a83
90928a13
9c4c2623
01356bb3
019aab33
001d8593
87dc8583
0063f033
9cac5903
016a26b3
41a35993
9d8c02a3
00b261b3
00079193
002df433
194faa23
509fc183
638d8a23
d28ec013
6bd5b037
ede10313
4160db13
01e52b33
3eaea223
fcb42b13
638da603
a03fc703
409007b3
01e3a133
9f7da023
4aa8c513
00a282b3
865c9823
9ebd9723
e28ea703
9d8e2303
60cf9523
8f2fd783
615f9523
00909593
62ada823
9dcc1023
9e0dc203
96f36713
633d9d23
000f9693
67cc8303
005c5a33
40026493
404981b3
00dad533
01704533
018c3033
a0cf8003
2d5da623
0189b333
006ad4b3
df2cc203
53fe1723
389d1623
606fd483
40d1d8b3
699c1323
ffff3393
01a435b3
9b4eb613
0195d733
c1df3093
00434033
dfacac23
089f01a3
000355b3
01e01133
104fd383
0146bab3
aaa26813
55567513
e9ad9523
67ec9283
217e0b83
082f0503
406858b3
00ef9ab3
dfccd603
9cf0c213
411e8b33
01933533
ceed9b23
0127abb3
8a5f1e23
e2af9703
01e05933
01af6733
e9fd9723
76afa393
68cc2223
10efd083
406352b3
0006cbb3
7fffe613
100f8303
d56dca83
be40a313
e86dc203
000c0713
498e5983
e99d8123
006b2933
aaa23813
d58da483
01bb77b3
018bd413
b3b9e117
418f0533
00f24bb3
01e04033
01cf3b33
00b41033
019ac433
d56dd703
00641ab3
004f1493
011e2633
01496133
80036793
e8edd383
58f30813
8bcf5a83
160fd283
0114c733
0140a033
0001eb13
01b06533
00593233
01760533
00127013
41dc5ab3
e15e8f23
4004eb93
e83da423
86780493
d50d9b03
644ed783
026f9b83
83812313
deffc483
e8add303
ab2dae23
400d89b3
56b36993
861f0aa3
aeec9783
8009ca93
400e7093
00abd4b3
c32d5483
004e1a13
53dd8683
e97da023
9d5e85a3
01ebabb3
55fd2e23
ab4e85a3
80012413
01e9f6b3
41a000b3
63388813
da33a317
02ef8423
185d05a3
9d2e9323
b85c1523
a08e24b7
67ad1803
0001b693
01f81693
b91c2223
006594b3
01ff98b3
af9c9323
01d91b33
638ef213
0015a633
40368b33
ab5d9823
c5ce1903
22bbc993
ae0c85a3
9cde8003
82bc4703
1093c413
555f8213
01f65293
b0ccae23
b0d6b713
535d4293
7ff10a93
5557c393
39ff4203
9d5e9723
00a5d0b3
01291833
ef0fa683
aaa03213
089d2223
55548993
827c0183
00421393
5cdc9323
f972f693
7b3e83a3
17ce8903
00812617
017ddbb3
e5fc1523
004bb9b3
00b93233
5a1ec583
4094d6b3
d8cdd483
de8fa623
4056d3b3
00dc65b3
0fc32a13
0096c533
aaa4a193
d70fa503
400b4a13
aaff02a3
001c60b3
174ea603
5db8c4b7
4e7c8393
6eaf07a3
00e49793
92cf9723
00321613
090d1323
80097a13
1dff4603
62bae737
e38fa823
824c4203
55560393
785f2993
407700b3
01603733
09ad8483
45ee8a03
09394813
35106113
b63f66b7
153d2423
37ec1223
89bf87a3
63f47193
deaf9303
01e812b3
00169333
534f2183
400bea93
01305793
140f5403
009c1ab3
a68fd783
2bcaaa13
002bd2b3
53ef4903
01566633
4128d5b3
555c4a13
5942a493
45eed483
505c2223
084d5103
b6162a13
ae8f9f23
65cf1123
14cf1403
a23cc393
45eed483
510c1023
880f87a3
40a2d913
645f4803
4a8c81a3
7a2e1a03
00985933
b1ec5183
40875333
a78caa83
af8fab83
007895b3
273e0a93
4a8ca223
012f7833
41e450b3
7d2dac23
26ff9a23
dacd2783
b24dd783
7c4dae23
1532cb93
07d80513
00167a33
7c6dac23
35262893
00dd4bb3
001c1313
012c5a33
00365813
004b6033
fff90513
018d11b3
38050397
00dbd793
64ef5803
a4ec8223
ec8e2093
b1ec0783
a7accb83
dd8f0a03
d4cf2a03
9b00b893
00265bb3
4aac80a3
5d3c5597
00d9a933
a6fe30b7
e4a9a913
16ce1803
003e88b3
01cb7033
ae4f9823
93718313
00d6a433
410f0033
55598713
ed1c4083
00dfd133
82ce0023
41ed5293
4cce9d23
01e6a833
f3fd8183
5553e313
8a0fa403
4dbe9c23
0131c733
afff9f23
d2acc983
8c041837
aeaf9b23
e05f4613
0126e433
3711c893
b22d1e23
01784533
28330713
0131f5b3
8a2fc303
ed9c2a23
00ca77b3
d3658a17
0e8a7613
4d0e9283
aecf9a23
7d3d8283
8aafd883
0b7c1723
f32d9e23
992f9a03
ff4c8e23
00800133
f30d9783
41cc8133
0164ea33
4003f113
4bbc9a23
0032b533
b3bd2a23
94ee1403
4137d533
da734417
4bbc9f23
7dad9503
f30d8183
00d159b3
001ec613
7ff6b393
0046b033
5fab7713
009d37b3
010601b3
614fa823
b38d1103
0014c813
b3ed4a03
cd3f0aa3
4e8b36b7
21d53213
f68e5003
04cec217
87cc8983
f38da483
dd9d0223
0119f433
6123c117
33adb813
55586813
143fc7b7
001f1733
5d8e0a03
014ad633
f24e9003
019013b3
d8ab4437
fff62a93
00896833
ea9c6613
380e8803
2c263297
411784b3
00142313
34fe4503
00199293
4b403313
01a7d433
f3aea023
b2cd2823
8a6c7413
411d89b3
c5876497
010c2ab3
018bb7b3
97aa0993
010783b3
015517b3
011c9393
8abf0f23
bca0e513
41175513
2aef0383
40565633
440bb117
00a5d813
40ee5b93
acf3b3b7
40c708b3
5d6e0683
00201593
7ffa0393
768d5103
f3bdca83
f79d83a3
fffc8213
4c710593
b38d1f23
f40c9583
003b2433
400ad233
00c2da93
4d9da823
386e8303
f20e8b83
01fdd9b3
ca0f86a3
011069b3
2109c3b7
778df513
380e9123
00d05933
40043a93
1b4e1203
f68dab03
400a03b3
70f1f497
00ceeb33
5b292593
f6ada423
e4f058b7
73c7e913
61bc4103
388e9623
b38d2e23
76fd1423
00618b33
5c3f0ca3
fff7f593
410a59b3
01d69433
00007493
01b974b3
40098213
7ffa8613
322f8a03
4aa5c913
008d09b3
00a73533
4d3d9923
00e1ca33
014b9533
612c5883
fffee613
00e50233
007e1b93
0079d3b3
006e76b3
0976b393
01199893
e64e2383
878da223
990e9123
00191313
006b1433
41a55a33
60fc2823
41e453b3
7ff4bb93
0173a133
00a68833
40a0d933
01e51a13
382ed103
00a05033
4d3dc203
778de813
00e46533
aaacfa93
7463c297
4dbd8703
fe5f82a3
0d5f1d23
869d0b23
4d4dd103
008507b3
868d9303
f47c2c23
00cd5bb3
00fe23b3
4197d8b3
00156213
5bfc8383
002df833
5c0e1823
5b0cd083
411c59b3
bf5a7593
4ddd8303
00c91133
815c9823
868dcb83
410480b3
1aed1b03
00b97833
40b3da33
b4a82193
00e344b3
011b5033
4c0d8823
4160d893
01407133
86dd1e23
80fcaa23
46bd5197
88b2c493
2b3d0393
000ec913
412c5ab3
aaac8793
407350b3
d0bc8183
55522693
ad3c1623
65f90193
2c8f6a93
e8cd0223
0d2f9723
007a0a33
4292e793
42ced503
9066c913
019af8b3
00c59913
55576493
87cd86a3
e97d2c23
5d0e2203
0acc9623
e8ad0583
014a8a33
122dac23
007f2933
ac2d9603
008060b3
3e8ca483
486e1223
00f15133
003b1233
860d9703
711c4603
00030b33
86fd8b83
71cc1603
3bae8c23
420fd003
00711733
01b1a1b3
19ce0593
86ada023
464f2103
869d9123
00b92ab3
002e7233
1817c093
bb33c497
01cbd5b3
006c4033
00d6f6b3
1b0d2883
416a55b3
d3dd0097
002b62b3
cdf6ca13
709c1923
013782b3
e3bd3a13
0a0fa283
1bad5683
017444b3
0120e733
7d193a93
00d59313
25d2b093
86edca83
90368493
00c44533
007a1333
489e1323
ef1c0ba3
873f8903
7cef5703
a26d8a03
e4487037
00331013
000325b3
86cd9123
00bc5613
dcdf9f23
2a7dd7b7
58ae9283
707dc983
862da623
008ab3b3
3c5e4017
ee91e693
40698933
860da083
480e4903
5e0ea403
01551833
406c3a97
40c4d1b3
86ed8723
fff42413
5eee86a3
196d8123
f22f1423
41e6d933
fffd3713
005bf8b3
4dec4783
862da023
e89d86a3
e8b195b7
724c86a3
8f9a11b7
00bceb33
86cda603
6fc0f913
20a1c017
72acc183
1dce9223
00f4f033
009ff2b3
0055d613
443f9623
4181d133
ba7ae613
01804ab3
877d9223
860da223
aaa08a93
5e0e9803
01e58a33
00e965b3
1b8e4703
016154b3
87cd9523
007ae4b3
26b2e093
000bd613
348c5803
f2cf8013
80033493
aaa4b513
359e9123
1bae0a83
866d9323
1c2e8483
01466133
86dda023
2f5c8623
3910bb93
c91d9e23
c91d8883
2992aa93
000ce913
c9cdac23
fffba513
618f2583
415b0333
1b2e5583
c94dd583
01159833
0157ba33
1b2e5a03
018210b3
004773b3
004ae833
875da223
7ff8f093
c90d9a03
01523033
416406b3
740d2583
756d2023
40d107b3
c87d9f23
43f2f537
49203593
0055ca33
410f08a3
417f0003
c07f87a3
003b3633
3a7e81a3
c1cf8523
4191d933
1bfe0783
800f0013
613f2823
418b8ab3
012f86b3
3b1e9323
ea8e9b03
01aad213
01074733
010d1a13
40acd213
00cb1513
c93d9a23
c81d9e23
74ed4a03
17cc4b03
dca84437
d9a6e213
c09f8703
619f2a23
754d2423
01fd9a13
b49e8203
40e88bb3
4d9781b7
752d2623
63ed5403
eadea223
74ed1123
55517a93
740d2083
484ea023
dbaed303
004a79b3
627d2823
bf9e9e23
007d8133
004c0a33
0c6cd803
01e35813
0db38617
41fcd2b3
009ac733
b904f113
41885313
015ef0b3
41cfd613
c08f9b03
01978133
dcd13a17
001a2593
db6ed803
4d3dc603
00351133
a49e2b93
72fc2213
41360033
ea3ecb03
db8ea403
6bcc2803
413f5633
69bf02a3
3dcf2a83
c0ff8a03
01d82633
811c2823
01e11ab3
7e0d3b13
4064d893
7ff76b93
01351a13
c06f8483
29a88993
a88f2983
006449b3
86c84513
e1ce8323
0183d3b3
ee5d2423
7e7ca593
da5eae23
407687b3
81ac5783
01d25833
4f7d2623
4fad88a3
a91f1423
00335a93
00a05a13
9bada023
40945613
ff3b6593
96ccab83
736a4697
4ead1483
a09a7bb7
c8ca0813
03ca7093
eecd5b83
004a6333
4158d093
01a73533
016675b3
81ec1983
00072533
01e94bb3
414d8333
58754997
0085fbb3
0c7f1223
00a9e933
37397817
a41daa23
001173b3
a8df2023
402a5633
00203b33
40d809b3
b1fba597
ee8d2623
812c0303
842d0b23
761ee1b7
3d83f493
00081a93
518eaa03
0186a3b3
01f8d893
0057a433
0082b333
2b9d9623
2b2d87a3
00f52833
009de5b3
1b8c4483
54f64793
1b7c1a23
40585633
a3206813
0cbf0183
41495493
f5ea6793
8f3fe893
4cdec503
0010f6b3
4ebd4683
b3037293
7fee2223
1ffe3713
004486b3
c2215137
4004b493
a93f0023
1bcc0aa3
80fc1b23
5faca423
7afe2623
41795a13
0def1323
8bbca823
41b35633
381da223
d8d07393
01b4a133
9a0da383
00471113
004c63b3
003dc9b3
898c00a3
a88f01a3
013e8633
006b7bb3
00aa14b3
527f4913
ea68a313
5714b613
01d31133
9aed9283
b75caa23
7e8e01a3
40865713
1b8c2503
bbabb813
019b7033
ab6d0223
8ff8c037
40598533
00044913
8b4cc103
aaacc593
1062a113
9a3d80a3
06d6c813
cad86b13
0163b7b3
00b0f3b3
f8ee9723
000cf533
000fc993
010aa533
54ff8903
9b8da623
0024cbb3
8b4ca103
8a5ed997
1d948613
57ce0923
8b7d2023
01caab33
01d10033
5a907b13
01391113
9aadc103
549f8103
00bb5333
01d3c1b3
00e39593
41c65333
01f570b3
530e0923
0110a3b3
a6ac5303
59ddaa17
00b332b3
781c8783
d03f8723
01b5bbb3
226af613
b22d1b23
00e0da93
8bcc8d23
00c3d193
001b7733
014323b3
87cf5383
019e24b3
009f2933
00123893
5134c293
401c8033
fff90813
894e66b7
001fb913
024f1123
00331a93
a6ec5483
00c615b3
00712233
d07fa623
e78e9703
01d632b3
037f0023
4de8a793
007857b3
02cf0403
466d6597
005869b3
79bc9423
41d45a33
26cf2223
00c621b3
79ec83a3
014ce3b3
df8f2083
27df1123
07eb4a93
784cc003
c037c497
3e0f9c23
00267033
d0af9823
b71c0723
71467b97
fff18813
215d0083
00549933
4173d213
eb0ea223
635fa223
af33c437
01b77733
3eff8ea3
301f08a3
00f404b3
810ea703
786cc903
dfbf0da3
3eff8923
310f1b23
55ee5303
019f3533
773e4783
00df20b3
dc7c2c23
ba5ea223
98420bb7
41d9d7b3
0100d8b3
b62c5183
bfd0aa93
cced9123
aa4f2e23
00c44433
f8648397
7ffbc693
01842933
bacea103
004c53b3
df2f4583
018082b3
2d1ff913
f1192737
ba3e8383
a09f00a3
cc4d9a03
7c148617
01d755b3
55596413
0193c1b3
4b0ea383
00ca9b33
00110293
dddc2a23
0138c8b3
a2cc0523
00f7da93
7ffbb613
d2342993
00011a33
41105713
016922b3
62587113
c202b213
a2cc5203
b6ff8fa3
00a75a93
0076d613
003a0333
001bc793
b7ec1623
624dd883
7dff8fa3
005cb333
01292b33
0055c733
e15ee413
8eb73493
a6cc80a3
00b8a333
0039e633
bb7e8223
baaeda83
018cd533
0144f9b3
c54f5403
00c6c3b3
e9cfa423
5553e513
bb8e8ca3
21952893
9d53b1b7
01dc5793
011a83b3
6ddea423
405e5433
0c4cd603
33d4b213
7fde4203
d153c637
2417b813
00780a33
8f9b0b93
417bd6b3
cf0eab83
eccda183
86dc6013
97f914b7
0004e5b3
1f0ca837
015e7633
4148dbb3
00d6c333
51f60b13
01bd9513
c3efd383
948fdb37
7c0c2083
7ccc1623
4006a013
634d82a3
40c70533
bbee83a3
3ddd4837
7cac1083
7ff0a113
ba45b297
934d2823
004390b3
bb4e87a3
5556f493
4176d033
c80f9583
bc6c5283
0c0ca283
126dba17
e40f3717
ba6f0a93
01b89033
00158a33
0004d533
010cc033
011a38b3
534ec883
006090b3
ecde4293
582fd503
0186f333
0012f113
7ff38513
418180b3
7aff4183
93271ab7
017b9213
aa39b697
01899313
01679893
c34fc683
933d4503
a63d7a93
93ed5b83
01f77333
01b622b3
b88ed303
7c5c2423
0060d533
014830b3
00c927b3
01c41933
013c0233
505f0f23
5c6e2a93
306fb693
0cdc86a3
c95fa423
00501813
01acbab3
c3ff8983
01e4d1b3
a33f0083
c28f8ea3
93cd5703
004d20b3
93ad0683
8bdd3293
7dcc1623
d07b6b13
05ce9123
0c0c9583
55588693
b21b4913
41778333
b94e9623
c99f8323
00d17833
102154b7
01daa933
c3cfa203
a5483217
6d3e0883
00cdaab3
04ee9423
b9dea223
01b8a333
011ac933
00c95313
40e6dbb3
0107e533
01f2d413
01ce13b3
4035d9b3
52c21817
40bd8ab3
019ada93
01f2d633
b80ecb83
c30fa083
c82fd503
04eed603
7cec1883
8fc67317
04ee9b03
4000a093
4027d733
01dd07b3
c86fd703
40995333
04ced283
01ba6bb3
0147a633
419553b3
b84ea023
003cd4b3
01b61693
7ff9e493
012c2ab7
792e9203
7cdc0123
01e18133
f047e1b7
0042abb3
fe2c9e23
004c9233
00d346b3
e00e3913
019bda93
00f5d113
009c1a33
044ea783
2d7e1c23
00bad9b3
7cdc1023
01c19213
57ad5683
545d8703
7d2c2223
00e2a733
4097d693
bd1a7693
41135493
6e400713
4790c493
05fd1f23
002744b3
eb3e2823
7c2c1323
ec4d2303
1f0d2237
56de4383
401f54b3
009f95b3
c54f1823
7c4c1503
572e1123
aaa9a413
00dc8333
01bc1b93
64bf4213
b38d1683
0eacae23
67433993
f9cf2283
d8edae23
2e9af797
0103f833
01f869b3
31df2a23
49cf9883
ec0d5a83
e75e8923
00853ab3
958f9823
01fb7633
8af38313
1981a513
288f8583
7ff98513
00e7a433
0edc8ca3
56ee2423
560e1503
00fc30b3
0fccd303
00cfd8b3
3e6d4183
415bd213
0154f4b3
ca5c4503
00731bb3
f90f1a83
016f9283
0f8c8b23
01e6fb33
f57d9b23
2f1c1723
4ffd2c23
01760133
01bcd0b3
168fa623
001c7913
0176c7b3
002321b3
56017117
6ece9b83
002915b3
4dcd2903
01c94433
00173833
0103c833
7e4d0883
7020a237
25fca023
00d180b3
4f4d0283
01d6c033
3dc92913
0fccc703
fd8f9b03
010b1833
007e5133
f96dd883
41645533
40e50b33
418e2383
7ca16717
41ce1883
000c6a33
017c5833
7bae0723
4e8d1a23
d6a5f497
245c9523
2daf2623
7560b837
4fdd4803
01bcdb93
00866933
6e6e9023
a17e9e23
25cc8623
800c8193
349c8703
ed08eb13
a76ce393
555d8913
250c8723
40dd06b3
06d42693
00ee19b3
00050a13
4f8d1583
25fc9223
33dca423
4f6d5283
4ea78a93
8bfd4303
00fbe6b3
416702b3
c3e47b93
4141d813
41555193
9adf1f23
01eec033
015b2033
eddd0683
41b9d513
8b6d0a23
01a5d9b3
244ca203
5cce9023
1efe0e23
4d305b37
6efe8123
015027b3
002931b3
8b4d4a03
003961b3
8b4d1303
01efd9b3
ff9f9823
8a9d1e23
4f7d4083
005227b3
00055a33
0172cbb3
5c7e8123
00569293
d8383313
410cd933
a30c1503
0012a913
01f219b3
a3cc2e23
ff7fae23
e3acd817
707e2c23
004ed0b3
fbcfab03
71de2c23
407ad413
0189a2b3
8b4d0b03
2e91e313
fe5fa823
8b2d4b83
f04f2003
00cb9bb3
00f39313
de1c8083
01e939b3
62aea023
40d6d333
01b27633
fe0f9b23
416f05b3
0188c233
fff27593
f9698797
002d38b3
40e40ab3
000f5213
01c1b6b3
80024013
7c87f213
410ed993
7ffa8613
e98e0723
e8ee1b03
00c4eb33
4008a713
00b74ab3
adfd2823
78add083
8bdd0703
8b4d4683
01f619b3
633ea623
decc9703
b76ea623
ad1d2823
dfdca623
e83e1123
00cd9ab3
4149d293
800fea93
e8ae5903
00d4b6b3
de0cab03
85883713
e50cab83
003a3633
01fe1bb3
41740933
d28ee013
e87e1323
aaa20b13
d559ba13
e8ce2023
8456f2b7
00b054b3
624e83a3
0055c1b3
2b3aa393
638e8723
c50fd703
0134a1b3
011cdb13
7ff22b93
353a2313
2cae9823
947d2023
41445033
d63c8ca3
4002c293
018940b3
b03d4783
61e96313
ceaed703
df5ca423
62fec803
0127fab3
41555133
1e5dc593
034f6693
000f0a93
3e88eab7
414fdb33
e82e5003
f6ec2023
d7dcaa23
988fd083
01630533
4009a093
01db1ab3
0d7bd817
003b0b33
f942f893
f6bc1323
626e8803
0141d613
ca9ec7b7
f63c4683
61bdae23
000182b3
8463b813
d002c413
c41f9c23
1f828993
40705593
019387b3
de1dcb03
f7cc2023
568d2823
f01a2413
3f2e9323
00166393
00a45893
40800033
979d9a23
41595713
0003c133
41815813
002a4bb3
f77c1523
010d9793
d73c8283
932d2e23
01d3b533
008ad2b3
618dca83
018412b3
97fd8923
016449b3
f7bc1123
f72c2423
f71c1023
e67e0723
013d82b3
7a1c4383
d0fe86a3
40bb57b3
2759a2b7
003a16b3
11bc0683
8dfbc413
66e90913
e79e1123
fff66313
01445813
404c5b33
04ec1383
b0677893
3f1e8723
f61c03a3
a1be8583
555a3913
415d5b33
925f1e23
e60e4a83
e65e0603
00c77733
ac1da623
7ea24793
704ed703
938f5b83
002a5713
118c2183
01908533
8b1af593
3fcea023
932f1a23
007a3533
110c4883
feec9283
006a2ab3
012bf633
46fad117
41e85a33
7dcf08a3
00239633
3f6e8023
01abf7b3
a8fd8fa3
117c0b23
002025b3
01759533
01477233
013d56b3
f24e87a3
01d7bab3
0182f533
01910b33
328e2a23
aaae3493
40046313
80bff213
03837b93
842f4783
3e5e8103
110c2483
0107db33
3f5e8023
009d9093
6d6c0103
40745193
55562493
001a86b3
84bf0103
01451693
007806b3
3e1ec403
855f2223
eb8f5b03
00bf3b33
00a9e033
a98dae23
01b9b9b3
01838233
06ae8523
a33f2213
075ea223
404d8b33
a92dd983
113c1d23
269c3597
3ecea503
11fc1b23
ebef4503
002e12b3
41f659b3
00082913
1fac4b03
336d5783
55503393
ed0f1323
00d80933
c10d01a3
0c39f413
4ff3e113
c75e0093
01f992b3
46b87937
31eec483
000db813
d48d2023
00285933
6e367917
119c0983
0085a4b3
01ad0933
cf36fb37
0196fa33
00b650b3
060d8503
d96c80a3
101c0923
011541b3
10ec1f23
568cc003
c3dc0223
115c1f23
b9c66193
ed2f06a3
95100413
41fed293
00092b33
00f1fa33
456e9b03
d29f9523
016be5b3
c55c0da3
3b9d0583
a68f1523
01ac5313
115c4983
17ef8303
001561b3
264ae697
00a043b3
01228233
01a850b3
a3188993
112c5383
a1ec9303
40d689b3
01dde633
00afb4b3
bad5a513
002f9833
01e8f5b3
7ded5583
4084d5b3
26cf2a83
0141a5b3
01c609b3
92fb3713
019178b3
01910ab3
d28fc903
00231893
400ae893
3a1d1d23
009980b3
dbafc617
371cc483
00219a13
12540193
12d0ca93
1f4bb113
c50c1a23
0002b293
17df8923
2e346a93
1b02e417
268f5303
272d2423
00d6a4b3
990e1383
3a89d337
55596213
26df1623
01c495b3
aaa67393
01cb0533
e19d4a03
98ae2c23
99be09a3
7fffa713
60bf9523
08ad5a83
01abd933
d50cc683
008da933
37720b13
0111abb3
17ef8da3
99ee0883
00283333
4a2d5b03
00088633
c5ec0603
0057c133
aa6d5383
41f00a33
994e2083
01eec833
011ca8b3
00e81113
194f5983
01ec1313
b7c9b313
41bf80b3
22af4993
40608933
37d90693
002401b3
aa7d1723
aaa16913
012545b3
bfcbb193
012cd933
010c8b33
d52cd903
01e61133
00e81233
00df94b3
fffbe013
015f92b3
d54cd383
00fb9633
1d5d1023
40be5033
5b5f9123
01d54533
013d13b3
41e08033
983e0c23
7ff00693
00646133
40ef51b3
00189413
f2756213
fff86213
19cf2303
00856233
10e17717
01fab3b3
00dc1413
bf6cf113
2107c697
000f5393
48744893
99be1f23
020d8ca3
03edd983
ee897713
019268b3
f16d0203
3dac1303
011310b3
00071713
cb592093
33338517
53efd683
0121c5b3
003c96b3
01945633
c32ba817
0198e5b3
41a951b3
193f2823
c7517497
01686a33
0d0c2883
98ae2a23
2edbca37
016125b3
717ea823
400380b3
01930a33
3a5c8b23
39634b13
00e2c933
40d60133
99be1923
80083bb7
99ae2823
c55c00a3
5daea223
328d2e23
5a1f8037
f14d0003
01043333
abf17593
00f8db13
50ad1083
01f553b3
40cfd1b3
674e8e23
00c5b333
cfefc397
952e4ab7
350da883
3d4f2e23
22fa3a13
538fc803
00c6b333
419d8333
67ceae23
718ea903
914f9d23
cd5f80a3
40eb82b3
c4dc4983
80070513
81aca423
3034fa93
01bd2423
ccaf8123
490e2103
01a9b1b3
f94da883
007af233
01dc9933
f12d2823
00011533
41505893
01a4d193
710ea883
413900b3
0011a993
01247333
41345ab3
1b6ee293
e56cd183
4082da33
009d0223
e50c9383
71ae9283
00fc7233
fc8cc583
480cd203
7ff0c313
35ce9103
41acd693
9dae9823
e7382213
01f786b3
f57ba193
901c2c23
49ee1903
7ffe8893
843ac593
00a0a7b3
00e161b3
00124333
f20e1403
800a3413
01889713
e59c9d23
01d800b3
46eca623
01eebbb3
0168b9b3
e5dc8783
356e9383
017c0233
535c8993
40390133
c60be997
e4ec9b23
00070093
372c5083
12802913
007978b3
fc5c9623
0014d8b3
009e02b3
015f5a93
358ea703
aaa68613
469ca793
bf0d43b7
712edb83
d97daa23
352e9303
5550a393
fd1c9123
205d4203
41b5d593
486e0fa3
e58cda83
9ff53813
0126f6b3
01f05733
40755193
ef19e117
41678033
009cc9b3
668ca283
35ce9703
00e33233
354ea823
01e26633
fcacc603
008813b3
fff52613
40023097
015960b3
7fff0203
fccc9783
aaa4f813
4152d3b3
004b1bb3
00ded293
5ccb0b93
49ae1483
211d01a3
29ad1503
1d51a613
006945b3
e286b013
009606b3
680f2223
778f0aa3
88c4c193
2a6e9623
fc0ca603
002621b3
010002b3
01d79b93
4d0f8817
01660133
00f3d293
80032493
11cc2783
00c3d033
d18f2223
49ee1a23
7ff23213
6119c693
01fb85b3
efff1e23
ee244213
293d2c23
017e9093
d0646997
d0ff0523
294d2b03
002c1313
01c613b3
ab8c9d23
001ff333
207d02a3
939e8703
96756213
21bd2423
79422113
01a726b3
38f3e013
017935b3
d09f0283
00ea2633
6d8f2403
00c18333
000cf413
004d43b3
c80e7393
28cd0ca3
0007b713
013f6433
fc7c80a3
5ca7f913
110c1e23
37e6c313
228bc113
41f18533
d4da2493
0036c933
009f5733
29db2a13
555a2a93
93ce8a23
6d2f1883
ac115217
496e4483
d0cf2623
00e3d533
019759b3
00ff5b33
10ec2a23
ebdd1223
f012ab93
8647b293
d4917193
294d1103
1dcf9723
2dcda823
d001d297
00d39613
1a7f4703
e28bb497
a2368693
27a64693
4124d633
6bea4613
b72c5783
400ab613
0091e0b3
0141d813
5b176537
6dcf1383
0bced083
b48c2223
01669ab3
85db7913
794f4a03
010cb233
2d0dae23
017760b3
413485b3
aaa24113
0016b893
2c2dae23
808f1183
41dcd393
80ff2623
788f0b23
2ded9283
81df0723
fd3e0b23
40c3d993
2d0dd183
6d0f5803
01ca1933
bfdf1a23
000cfb33
804f0603
c8e8b813
01150133
9a7bc713
6d0f1883
b53c1123
40f957b3
016a8733
6d8f2103
0004fb33
019b4233
01b8a033
8004ba13
0159bb33
b1ef8823
f354b393
01b2ab33
01277833
017a1633
6d6f5703
018e9533
00c30033
be08da37
01b246b3
800f1623
d0292a97
6c7f0aa3
008f6a33
1ffc9a23
0b0b7813
1eacae23
5fad1c23
f10c0183
00f89ab3
001b4793
a5fdf5b7
1facd403
00409913
6d4f2703
186fc213
6ccf2e23
12b3d0b7
80ef0083
669a5597
ff8fa083
41b601b3
012e3533
40745833
6dcf0fa3
0b6c4283
40250133
00f5c533
809f0483
524fa623
6d4f2383
888e2503
520f8483
f1bf1123
705da593
800a4713
8620ca93
008f1a13
6d8f5883
fffb7913
7ffd4a93
1e5c8fa3
6d6f5383
aaa98293
84ac2a23
0003e1b3
568ea783
0186b133
572daa93
0192d233
9a2f1903
0f9f8983
89ef1f23
40895493
1ecc2583
0f8fa483
52cfdb83
2c32b693
6ddf0a83
2e555537
6ca7cb93
662d0783
0196c933
01d106b3
8ee10b13
00fb4133
00399a33
1acf9a83
53ffa223
561ec583
336dc883
c352eb13
0bfe9223
01c44733
991fc293
53dfa223
d3bf1523
fc1be497
faaf4503
555f2293
800c8293
00bb9313
89df2c23
cd0fa783
4151d493
4004a693
01e9f033
4c528813
01e30333
12d00493
00241993
00a404b3
01bee033
014db9b3
ffff2a13
888d1483
385d2023
40f0d293
003184b3
41d7d233
0fefc703
001895b3
570e84a3
01f1cab3
e44d2623
01d21113
58fdac23
491d2023
38fd1523
fc8cc703
581d9823
00eaa633
4175d393
4192d493
dcef1803
751e9e23
662f0b13
230cd783
ebcf9703
009f03b3
002250b3
401b03b3
800b6813
41295833
01161393
68df8123
cd0fd703
b6ce2a83
dc4f2a03
368d6113
01ebd033
9bec2623
8f153093
00866433
402358b3
cddf8d23
39ed0423
a9bca623
fff26693
00c450b3
308c2223
00465b13
fd2ca423
0114e833
8dd21617
eb3fa823
00e41b33
db88eb13
7b0e5b03
7b0e0983
003ca833
796d06a3
019e53b3
00d41a33
98cdae23
80455097
015dd193
0038e5b3
306c5003
41990533
00113233
9c5c9623
23bc86b7
013c7833
1549f037
01f04333
01180833
30bc8183
00165713
a88c8083
990e9003
6f16a313
995d9b23
1f6c5903
38ad1703
019814b3
008f03b3
0166cab3
40080293
012abbb3
411bd7b3
78dd2023
95ad4703
b10dc103
eb4fd803
80066413
1e0c1b23
8fdf4203
4183d133
5559e393
00715113
c64dc703
d15bca13
01fb96b3
14cf8fa3
010e9b93
cf397613
009ba833
407455b3
001d7b33
c60da283
1eac0ca3
017672b3
0008b193
16ed2423
008f1433
993e8483
01593733
00bc16b3
01bf0033
62cea017
795f1623
d18f2283
010864b3
5cde9123
01a09993
40ec5393
032d5803
0111d0b3
e91f8b23
948dda03
01784833
c0b48437
94dd8b03
d52c9003
4f557613
df714013
017d13b3
00de9293
012dcab3
abcc2a23
159fc503
008fc7b3
01a9c0b3
00aa72b3
71cc2203
0088c7b3
7ff8e313
71ac1483
c7dda423
007594b3
f9660a93
98aeae23
41d85933
f4fda823
ca549b37
4d5d4493
ad0dab03
710c2783
d4dcac23
41f6d293
b2cf6413
8eef5883
554c1503
adadd603
01ebd833
01edd933
992e9e23
b20f02a3
3fcf85b7
00f858b3
007ed813
4f5fcb13
413e5313
c46f5217
019ae4b3
000fb213
bfb8c493
15ffaa23
01a1d533
b8cd2683
55528893
0018bb13
d58ca103
58cfca03
40ae0433
007838b3
403ad413
fdacd203
01e272b3
40b707b3
aa8e9883
0180d1b3
11713393
011c6533
e64c2a83
4a7fab93
fdcc9a83
01e555b3
7ffca993
79cc8983
554f9623
463d8423
414ad8b3
2fc84917
fcdc9b23
9f4c9483
007468b3
b8ad5103
fd2c9703
00f896b3
b89d4083
fe5d1623
37ddbb13
fa1fcb03
4b8f9703
b88d1403
41a60ab3
e66c0183
fdbcae23
fe188b13
00f99333
0135e933
c2496993
0139c933
fe8d5583
597ec3b7
00371093
01cef233
4112d033
0010a913
464f8b23
0188eb33
94267413
010b34b3
dc1f7593
b8ad5003
00ea34b3
282cc513
5b4c8c23
e2aa2293
0133c933
800ca993
b88d2023
019d11b3
a2262bb7
408b06b3
00c9a933
401cd613
808cc893
555d0793
01669393
b8ed1203
b88d0b83
013da633
00031433
472fd183
9dd53613
e4ad9783
01f6b233
9fed5683
01cec433
b80d1523
7ff32a13
46fc8203
3e2116b7
01b144b3
40965b93
01531693
054fc903
b8ad5783
070e0003
016a1733
00e09713
fecd1723
40da8bb3
348ca603
b5174117
00d65a93
017184b3
400e0333
018fc3b3
01b957b3
fea59817
340cd403
9f0d1f23
2a6312b7
9d802913
005d69b3
800af993
fff5f613
00d72433
800dc493
55597b13
01b036b3
660fa203
89ee1483
01cfe033
b82d2023
41f85533
b89d1a23
011a49b3
0156d913
348c9983
007114b3
166f1a23
aaa4f193
41348933
00093893
4072d113
016466b3
77b7a417
4074d3b3
01a4f533
9edd1923
9f4d2783
41f9d093
1d2025b7
984e2103
4ec3b493
7939a493
acdd2223
008e6333
5b060293
555b3393
4028d393
c8def393
0108f2b3
0d217593
7029ea93
00df1113
02fe2c23
a43c9023
016fe833
4a7b6113
014fda93
01e15bb3
013a9293
b90d1183
01a502b3
0197c933
00d1fa33
5ead5283
274d1b23
4a4f8323
aaa5cb93
0072ab33
748f2583
01646ab3
98ce1183
ffdfa823
01ac8633
40360833
0115c7b3
68bc1e23
2cec2623
01259033
00dae7b3
4110d113
62908a93
4dcf1523
ca36e793
4373ab93
bbdd1423
cc0c2b83
000b4413
402cc837
402e0033
4104d713
40860633
2c8c5b03
08251917
ba0d1903
6eba6837
01f49733
0069e9b3
bafd1123
2d1d2423
4018d5b3
9db58a93
001b6093
21ce9d23
0fec83a3
ef4f1223
40950bb3
002775b3
405b01b3
180c2983
c7dca823
a27c01a3
40088913
4f0c8ba3
007f2233
017dd833
c72c9b23
bacd2003
180c4b03
0085fbb3
018e9993
016589b3
01601233
fddf7093
414a02b3
00b50733
40f45093
838df693
3e0da223
007454b3
7f7d5097
a63d0723
007f7333
9c3b0a13
01dcb133
0d6f8703
a6ad01a3
5c7f1423
0aec0fa3
ba6d2023
00426bb3
4183da33
3e8d8683
138c0d23
ee143bb7
015f5413
001569b3
5dee0483
0104d413
dd1ea223
9e7fa423
01c6d493
40d681b3
80dd9b23
aaa80513
cc6c9523
01b38333
aaab0713
69c00293
334f0893
013c6733
fe1d8583
01231b13
54dc06a3
2d998213
ffad9323
338da603
3810c713
944d8297
24cd5683
aaaa2713
0016c293
800f2613
01f1f2b3
548c0403
574c05a3
91cc2983
d9e44393
00f248b3
010a44b3
cc4cd703
577f0aa3
544c2303
aaa10713
01a558b3
40f78b33
6c620613
c8bd1223
01c97733
ecd45897
01c1c333
002cc0b3
5558bb13
80084593
01e46933
013317b3
c86d5883
7ff03693
41b7d3b3
ca4f1783
54cc2223
0001c7b3
b615e813
daff1423
e4fd1723
c8ed5703
01bf4433
6b3db813
bb8db597
4066d6b3
0037c9b3
40cad593
01237933
9e4d9383
ca3f4503
aaae0413
548c2203
0d439117
416255b3
96ac1403
410b89b3
0176c0b3
01710433
00e71213
8c4fd983
55523813
01b0f9b3
54ac1523
23eeb913
22cc8ba3
4d9a6913
bc220117
11ed9203
226fa793
01c90933
110da983
230cc483
236cc083
79ec2a23
41df5313
01a1a133
00de6313
00ba06b3
018d0833
0014e493
34d4c197
01021413
00da6133
c4c98897
40007393
2ffe82a3
10dd9823
97ac2623
00300033
00f90b33
007e79b3
2eae9623
9e8d9803
0177c1b3
c91f0423
cd5e8e23
aaafe313
11add783
22902993
edcd2803
00f891b3
2e6ea623
d20e2623
100da823
80017793
0143a8b3
009a5313
41fed093
00309593
aaad8393
55580b13
4080d233
179f07a3
fffc6893
15bec903
01ba2533
013249b3
f54dc803
0109dab3
00528533
40435913
d26e0103
d32e1123
82af7993
01659813
55a60393
f7401b37
40695733
7f4d2603
7064e937
c8bf1323
1fb18293
edad4203
01529993
48fc8ca3
00e733b3
408ad6b3
00f0c633
00371513
01139433
00359233
ecaf4893
d22e4483
009a9ab3
3b6d04a3
01c04733
00ffd9b3
18726913
606d0723
000c8493
2ebe8583
00f4cab3
006a70b3
0176d533
cee8b013
3d4ca183
7ffb0613
531e6493
904c4237
ed0d2983
0ca67493
11cda203
14aeac23
40d30a33
d2ae5683
eebe8083
2e7e87a3
40b45533
004c8933
01967133
494cd803
0b8d0123
158ea683
01cf97b3
24ec5303
5b3c3313
006cd513
2e1ec503
01855393
20ce2a23
dbcc2917
9d5fca83
615d02a3
9d9fc303
0063d833
4049d613
159e8f23
80070893
684f0283
ec434413
e7d74337
002d8733
01448ab3
ccde09a3
86ce9003
24dc1323
684f2803
7ffe4793
ef4fc183
01371693
89e90b17
01c5a9b3
40a0d813
f1f3a013
0092e8b3
8df14013
7ffee113
f76c4b83
41ed84b3
005571b3
400b3193
408dd1b3
00442b33
012f9193
00850733
2ede8223
00870233
3c401117
2dbc8203
40ca5bb3
2b7c0b83
401d5713
41c9d633
007940b3
dd8f2c23
211e2a23
9d4f9b83
99673293
9c3f9823
6a9f3993
01d9cb33
018eb333
00de6433
f62c0da3
150e8ca3
40905333
9d8f89a3
acc44013
ebaed083
7ff0c413
017cf3b3
00d61793
a3cca023
014fc3b3
21ae1703
e0203897
04de8a03
01512a33
7d5b7813
008021b3
001498b3
01929213
555ba993
ba6c1a37
a1ad1423
015794b3
ddbf2c23
41f9da33
01b907b3
413e06b3
cb6ec983
014038b3
aaa10713
466baa93
017cd9b3
0072a3b3
00021bb3
dd6d0593
80016993
eade9923
300ca223
01b969b3
9cee9423
041e9423
01c08933
018645b3
01ecf0b3
5eed5903
48bd9423
00bbd833
9cdfac23
41b688b3
da5c0183
012643b3
c17faa23
cc8d9423
f556b897
009669b3
0181a833
044ea423
3e3f0203
92490593
8fae2223
99ddb917
015320b3
8ecd1203
c1ff8c23
01260b33
a4ee5a83
8e7d2423
768e2103
ab2f1783
40395ab3
8005a293
8e7d4983
764e5983
402052b3
8e2d0723
17cf9623
a32d2823
01959813
0d49b497
0033b6b3
4e6d1437
001dd913
00ab1833
00a47733
01d95b93
018023b3
29643837
604f5403
016f3bb3
b69ffb93
01a3d4b3
db7e2423
778e2023
e5203213
8a1ca423
8ecd1523
405202b3
188e0883
57add603
767e2223
0ead1203
76ce0503
016ad993
00130a13
604f5783
c69fa223
a3ad1b23
7ffa6893
406bd413
7ff03793
017d9013
0100d133
40c7d4b3
006622b3
663d9323
3e69c297
0eed0983
006a1313
019d53b3
4a4d8923
57a73513
7b3b0093
733e6513
7d1e4483
006faa33
602f4883
b23f1723
526d5003
4089d713
100e1923
0005a033
413f09b3
009ad113
40ac5a13
01b1da13
3f4bc913
766e1723
768e4803
80040b93
801da623
00cbc533
013735b3
01eb9793
078c5703
0078d813
403e0a33
eb9b1117
019b5b93
41198033
e4e20313
074f2183
0035c133
401bd313
9d61f913
772e2623
76fe4683
01d69613
019fb6b3
726d0983
419a5413
ee6d9623
014c21b3
5554b293
8b4e9d23
b8ed1723
00607233
00df43b3
328d2983
764e02a3
0161d313
40750ab3
01f23633
3633c593
2499d037
40660513
77fe2623
01bd54b3
40f9d9b3
4c0e8123
015dc8b3
cf6f2023
9baf1483
084d8b03
edcd8583
ed8da483
b1cf2483
41e15bb3
8009ab13
555d3013
3a4ec093
006b6433
4b1e80a3
0e9dac23
0175d613
f336e013
01975893
768e2023
00b0c833
774e1a03
000579b3
8ceda817
776e5083
6e9d1623
013c8433
ecac9983
00b8d633
40054713
00ec3533
fd5cc683
6ffd05a3
a57f9223
0069e633
0103b8b3
415e5a93
287b8293
4182da13
ecad9d23
b79d9423
3d7f9423
762e2c23
019b1593
01735893
fff80813
fff37013
3d8c0403
74755317
972cc083
1dcf2903
b6bf82a3
01725a93
93a53393
e06e9223
b75f8423
00dc1113
9cca0713
f3be6a93
fdecd703
b7c5ca17
403a02b3
a40bf737
80064a93
a51fa223
c71c9b23
01ce37b3
004bb2b3
00147813
7ffa3613
c69c8ea3
004bda33
1e36f613
e66fd003
b6ad9203
0130fbb3
a19c0a23
e3cc5603
e25c0aa3
013f2a33
00b637b3
032d0ea3
bd1e1f23
13ca6037
75a66117
0736c613
b68d8103
e01e8523
7c5d4183
a2dd0613
014f7233
6a6ae213
557d0023
54ec5503
1c2d9b83
01ff67b3
044e9803
004a5bb3
a04c1f23
41c109b3
036ff913
d72a0213
00e91233
01e330b3
16cc0da3
41bbd493
8f7a7b13
01faeab3
862f9a83
5e2c9403
eaff0083
e3ac4b03
00b3c333
3ece8293
7c0f2403
aaae2813
049e8123
5555e613
01854433
170c1203
7cad4403
01b02533
014524b3
866fa023
ef6ec183
55510513
01823533
010a1993
00bd50b3
eace8203
00097a13
36ff8923
002d84b3
7ffbe213
374fa303
016d5433
418dd433
b71d84a3
172c1683
7d1f2023
bfdc4203
72ce1923
01640333
36ef9a23
40022a93
b9ac4b83
b62d9783
80af0113
0015e8b3
95cd2303
01c9c533
73ae5703
010061b3
3aeff713
400db613
00e18533
4017d593
010912b3
00cf02b3
00d87ab3
00e973b3
f8ef1703
739e0ea3
36460713
00d2a6b3
caddcb83
d18ec183
e94ca903
000dc133
011dc1b3
354e7493
7c8f2203
0002a313
7c4f2223
29b01a37
aaa5b213
305e9523
7fff6613
013f75b3
007d5633
418cd813
98c68793
37df8b03
0002e193
6955b213
83bf0603
013f95b3
9f340413
00029a13
0152d5b3
f88f5403
415b0ab3
78e0b193
a7ed9283
d19e9c23
40db5493
d12e88a3
aaac8613
94b62693
740d1123
176e9e23
a7cda183
a60d9923
009120b3
40afd5b3
51060713
0005e4b3
9bfd1f23
01e49693
891d0903
ea7dc683
00b0e6b3
014118b3
74ad2423
40d30733
db0df193
01b99493
0155e0b3
00c0b3b3
4092d513
00e75093
8cec05a3
01d18533
a91e1323
4008e313
06607397
01035193
828f1a23
83ff4503
008f83b3
00bc18b3
001ce993
01c98ab3
01be6733
00195ab3
17ceab83
92c15a97
4dce9a23
74cd0623
bc953b93
4a6d5683
5c28b793
75ed1523
00eb8533
017dda33
00d8c133
8c0c2503
170edb83
00be9713
924b0193
00321b33
004970b3
005a6ab3
019fc533
05456737
ee029617
4307e613
010ff1b3
bc1e8723
00a4d733
d19d0323
00531b33
c48f9523
01b79893
4dcd9b83
00055ab3
40405bb3
bc3e8a83
01081b93
0008c593
838f0903
404e5593
740d2583
007bd9b3
62ef5403
01e8e033
4004ba13
b0420493
31cf5603
00e7c033
75dd2623
7d0c81a3
0191d333
954d2903
0b1f0703
00949413
41ce5593
940c8603
00d09293
00cdd113
0104c133
0163dbb3
574f1723
bc8ea703
e3cd9003
f3af9503
497e1a23
01dc3233
013749b3
826f1a23
0018a7b3
b68db437
00150033
31df2823
917d0603
007d1a13
01513333
3f3af3b7
2c8e1383
cb3d0903
e2ed9a23
499e0fa3
49ed5783
494d2503
7ced9183
007b9233
c10c8b83
011cbb33
000c7a13
98af9c23
010f19b3
c08caa23
004eb3b3
01f70033
800d8513
2dada337
5acc2c23
016d81b3
5a6c1b23
40ef5213
9f4e2223
01a89a33
007ec1b3
412f5413
d90ea493
106dd483
c18cd903
01463433
90cd1923
e38dd683
1c91c813
56e1f193
01d967b3
e3ed9403
40014513
ea03db17
407150b3
723e6013
0290a813
c18ca383
e5cf1883
000c6893
222c4203
086d0603
e638b8b7
41f604b3
004ad533
406884b3
5b6c0603
0106bbb3
010287b3
cf3d3393
59550813
22cc2403
41cc2183
e2ed88a3
c18ca803
a98d9403
01e45313
1d0ed203
005a4033
e5ff0283
c19c8fa3
b11e9423
b09ea623
cd4d9603
00d0d033
092d7a97
0121dab3
4012d5b3
b744c293
f3c42617
bdcc2a83
00d8d3b3
009304b3
019e8133
008e5533
01d95913
726f2c23
01be1013
dfaf57b7
b1fea623
c07c9e23
016eb033
00abdb13
1bfc9923
1c0e9b23
f99e8993
41e0d0b3
e8cc9223
1c6e9f23
01ff0933
4037d633
400b0193
c10ca583
a96d8703
cc1d8f23
b0ce9623
4017d813
604b65b7
47ec0c23
0092a4b3
2d03a0b7
427e1323
002debb3
7cccca83
012e4433
b2a8ea13
f31f9a23
35cda623
00931ab3
b78f0103
1b7cae23
11b2aa13
071fca83
40a9e013
012ca3b3
1c0c1123
6197c137
cdad8fa3
4a8bb697
01e39233
1e5a4493
6a2d0203
6acd2803
345dc883
00667b33
827d9123
829f1323
8009ca93
00e136b3
676c6837
345d9423
d9d1f713
01aa54b3
00db86b3
cc3dac23
27d8f293
0121d913
ac7ac413
ce8c1483
1b3cae23
f21fa823
7ffd0593
5acf9903
e62e2023
0017ab93
012783b3
001620b3
ebcdb513
40a15413
e3ee2823
24126a93
007ebbb3
3c6c0923
e39e4483
015d27b3
0037b233
e64e2623
400e2013
a58af093
65b86b13
4d449137
8a4c9c23
009e8633
01314a33
00dfd813
403658b3
820f1323
418803b3
40b0d213
019935b3
e27e0e23
be2e9503
8b5c2023
beae8403
8b4cd803
137dc483
01f49a93
20dc9323
017d55b3
000ff4b3
4157d533
01736a33
41085733
f9cc9d23
e66e01a3
eabc0fa3
8b3c9b23
f8bc9923
00b75993
32dbf713
200cc503
018762b3
01a41593
040e1017
91148893
01414133
13fdac23
64c27213
86bd1723
be6ec883
866d1883
86dd4b83
ed4c2003
ba4c5703
40ac5333
00162213
8947e713
41698133
40bb5113
00ac5a93
86cd2103
00c73133
bd1d1d23
1a6f2217
01178733
00648133
0099ca33
8b8ccb03
1f9e4613
8005e213
00711713
411f06b3
8b0ca783
76fb7893
90dd8c23
aaae6513
be5e8103
ec8cd283
860d0283
bd0d0383
a12f9703
00357733
bd7d4203
5df47493
860d1123
8028cb97
d5ce2703
294c1123
01098033
006862b3
c9f68b13
40765533
86bd2623
2cbcd417
ffe67813
919d9d23
016ad893
706c2423
bcbd08a3
7eec8503
80ad2423
4104db33
bd1d0083
bcad1f23
4003f213
01a450b3
00b2f433
09e23413
ad5d8aa3
bddd0003
b53d0203
0149f5b3
00439813
00f0c433
0a29f293
bd7d4203
3a0d1783
1d93b013
ad9dae23
ad2d9103
bd2d2a23
61264093
d77cae23
7ff03593
eefda623
41bd5033
40756b13
00095a93
f74ca423
ad0d8403
019594b3
20cda203
f64cab83
d6bc9a23
016362b3
f6eca623
01f44bb3
001cb4b3
003cb2b3
ad7d8883
b1ccaa23
413a5bb3
21dfc583
403304b3
1baea023
0029a8b3
d74cc703
000ff933
01d55933
4b5e0503
eecdd583
012f1093
40cad213
f68caa03
00430133
0152b133
00062913
01609b13
eebdc983
124c5883
25042293
000db8b3
7ffbb093
010127b3
a3a33793
01ded2b3
efed8323
01bc1393
bcaf1923
06e63293
122c1503
1a1ec683
d535c793
bd6f1f23
e12cd203
017da4b3
00aa9793
0036e4b3
00479433
01448933
85e46713
ac6d9b23
4a005917
0048e6b3
40158ab3
010710b3
e1d7e393
827b7393
9d736b13
eecdd603
6b8c9383
dcec2113
01d98ab3
beda8437
013ce6b3
01236033
e4ef1283
1922b793
40a608b3
dede0503
7c4daa23
01e0d393
3fae9623
0089d193
0003e033
aaa48a13
01499533
7d4d9283
b16d9323
00c86633
711fc403
0005d833
d40e01a3
55567913
40fad7b3
f8ce9503
00972ab3
40105113
012166b3
00e93233
00baf8b3
d40e04a3
41ac5193
00fdc033
00d9b733
3f5ea623
7d4dd783
716d0103
01f264b3
fc124b93
b3dbea13
b48dd083
854e1c23
6bccc203
0f6e03b7
0092d8b3
d42e0883
0a3aba13
d54e1323
d44e1523
1deaa413
013f3833
aaab6313
7e799797
017e7733
27fb6b93
55678413
018cfa33
012051b3
976e9783
412fd493
70a3bb17
fff80a93
006b0733
00a4d693
f8ae9783
01bb1293
01d3f913
7d1faa23
967e9e23
00e3e533
4192d613
33ad8183
01a9d013
b3914013
597f2623
01ced793
d4ee02a3
40e5dbb3
006583b3
4105d113
008208b3
961e8fa3
00a0aa33
57a1e793
412400b3
4024dbb3
6aac0423
00612533
975e8b23
0050c733
002a70b3
0195d0b3
4a0eca17
006e6a33
63ce8da3
de327813
852e5003
96fe8ca3
a2b202b7
c8962793
768f2ab7
b56fda83
7d3d8c23
f9a4ab93
015a24b3
2787a613
513c2623
fffbca93
7dee9123
007ee0b3
408d8b23
00ffe2b3
01054433
978e9283
01b23a33
00f3a433
009383b3
017e43b3
b373c613
f68f1983
aaa9c213
01f16933
4184d733
f84e1683
657d7a93
40a0d833
007d58b3
880d5203
011ae833
0193f7b3
b42fae23
016b1293
2265a3b7
aaadf613
7c6d8823
012442b3
40bd5b33
01e72333
3979a193
7d6d8823
40d3da13
88cd02a3
c4cc0713
00379693
014676b3
01a26633
7cad9923
01280433
863cf993
51dc0423
886d2023
41965913
014ca2b3
400c6513
0013d893
88bd0223
896d07a3
4ca3e393
6a8e2623
883d2423
01bbd413
207e0723
00997033
00db7933
979e8803
40f90833
00e44533
00e4ba33
83a97113
1bfe2223
0f8f1823
c1a4d337
019275b3
00150833
884d5703
014bd513
009cd493
611d8313
dfce2023
011cd833
50ac4583
011f1a33
00ef65b3
fffaa513
36824813
00ac1233
01da9233
4193d7b3
00329ab3
5a7d2a23
01be8333
405f5493
c91e0503
886d1983
00687ab3
b7a6f597
00aad913
afc02713
4198d013
01e89113
50ac5b03
b207cb37
de9e0383
401e5593
3a5e8a23
b34f87a3
5a1d1b23
36ed9603
00304333
00f40133
ae4754b7
1a2e5203
b2cf8383
1a8ca283
a78e2703
363d8803
9b8e8603
b20fb693
1a4cd583
a77e0a03
508c2983
401c5833
51bc05a3
01bba3b3
a78e08a3
008f4533
010391b3
27683b93
0035d0b3
0d7e4403
40a75593
0138e233
413e8933
36cda683
ee0c0b23
4cde83a3
f10ad097
00a4c3b3
4c8e9383
0014a093
01d70633
c10f8703
4cce9283
014042b3
efac4a83
4cfe8583
019e41b3
0031f7b3
4072d5b3
0146fa33
a1d66313
a78e5b03
584fa603
004143b3
227da423
01bfb733
013ee7b3
00157a93
aaa2ba13
413559b3
406c06b3
7a2cc983
51dc0723
01a7b4b3
982ed103
c5fe9223
0061d693
7a6c8323
0043dbb3
6e9c2623
aaae3193
6e6c1723
066c2623
80054513
01a3fa33
011d66b3
d19c9b23
1c4da383
71650313
011d4933
c35e3613
01ba9533
d5dfe893
012da333
87fd8783
e3cc0813
01c4f1b3
ea81f1b7
51e33213
6eac4383
c4bec783
19cd1e23
017a9813
4b40fb13
000f82b3
4895cb37
225e0a03
456d3013
0038d7b3
5f74aa13
01d06ab3
874da003
315da223
416b02b3
80097793
d83e0403
6e0c2a03
7bac9623
27832297
876dd083
0130a133
400fd6b3
0d5b7497
a491d2b7
0016ba13
40630333
409689b3
c4ee8783
014e94b3
00eaea33
02ff5217
d84e1523
01ab5833
00c82633
006ee733
dda13593
0147bbb3
186d0f23
62942993
016cbb33
196d5803
233e1123
df5eaa23
00bb1ab3
aaaba113
55543093
408c5333
87fd9d23
3afb3313
faae84a3
950ca423
41285093
d82e2023
0153d393
d96e2423
373c05a3
01063233
01d4b9b3
bdbe8703
011245b3
015a1613
d04dab83
01371033
00cfd313
5f4c4683
198d2983
4028d613
0149f433
00a1a133
0081ebb3
196d0303
350ec583
99ce4703
dfdf0a83
72fcaa23
e6aca623
00bccab3
9b9ea623
891c2c23
2fce9603
998e2803
c6ae4083
c7fe0223
bb1d2a23
05e3a893
00a01b13
0001b133
41058733
408a5193
aa0a36b7
00671333
40eb5313
8e6e0023
29fe1b23
d1faa213
013bd793
2f6e9e23
c88faa03
555c8993
dddc0003
c62e1983
5550b393
2e6e8923
012973b3
01f913b3
001fd913
01226133
29ae0903
e0dd4683
ceb645b7
fb643993
41385613
c6ee1723
8000c193
d60f2e23
997e0e23
efcd9d23
29ce5683
41835b13
297e1e23
2fce9e23
01183533
4009a913
00198b33
67ae9503
01da75b3
01d374b3
0003e1b3
b81f1823
009dcb33
413b56b3
2527a117
01b41693
00ecba33
9b2f1803
40f8d6b3
80032a93
290e4603
010e77b3
00dea633
41240333
00bf7833
91f17697
f60e2423
0010b313
008652b3
ce4e9483
0ff3e193
a56c1b23
00926133
ce64f493
010ed3b3
298e5083
f63e0183
0135ca33
ebfe0123
015c99b3
d74f0783
00c4d393
ce3ea423
406655b3
f63e4783
00642a33
c88f0fa3
33e9fa13
00828133
0144db33
950c81a3
398e5a83
c5b71117
0156db93
5eee0ba3
f7ce1723
00528833
3bab3317
fc8da583
a5ce9203
398e1c23
5e4e2e23
a54c1403
5f3e0983
d71f0f23
010320b3
95bc9123
014ac0b3
001c09b3
40db8433
0520c7b7
f97ca823
d66fc983
d68fa223
0114f7b3
010b1293
a239ea93
01da4133
000aa713
7ff92a93
01b7e533
402c0b33
7ffdb313
00b6b633
0001c793
400ff193
d66e5383
7ff06493
d1d507b7
40425993
5fee1003
01fbb1b3
01696533
00bab533
d66e0403
55522893
013e9313
f98cd583
f8ac8d23
4151db33
a54c2823
0103d933
016b48b3
cdf4b993
6c5ca423
d7cf2e23
5fce2a23
f94c9083
aaa12813
41abd113
161f8623
01246033
013f83b3
5f7c0397
edbf4583
5f3e0ca3
796a7b93
44fcb413
08fe1923
d69f1923
9e4d8e23
80074893
f92cd183
5f0e2903
00fd15b3
409c8133
00fa1bb3
d68e1523
d72f1603
aaa02b93
013a8333
01214233
5f4e1f23
004529b3
00695033
01c0d933
6a6d1c23
40d9d393
ed2f1603
419e50b3
d27b4797
6b8d4383
019ad433
01f356b3
ed9f2e23
e14e2a23
09ee2823
01b3c8b3
01832733
6cbc2423
d40c0b03
014cda93
00903533
013cc4b3
dbcd8023
01b2a933
001b6493
6dbc2023
00d75a13
40208833
09ae4103
2a0f0883
01deeab3
410c85b3
00de9433
413e86a3
0129c8b3
11303a17
2e676313
fb4d2283
00cbabb3
6cac1603
00dc71b3
555d3393
01aaf9b3
40d0d733
41fb03b3
84be2a97
52ee1083
418c8583
c9cfc803
41045913
6bbd0fa3
01707bb3
6c8c2623
009cd613
41695313
014567b3
c94f8b03
41ccc883
6dcc00a3
01af33b3
01b633b3
6d5c2623
e9026593
3f3b2913
6c2c4a83
800de393
007d82b3
6c4c2623
005c5713
41175093
000e1933
01211533
b91bf993
01bc0b33
8feb8893
01e7f633
e5443693
f530db97
1bce8493
6d2c0223
3cbda223
0167d993
aaafca93
00d03b33
41b4dab3
7a9f8ba3
0cf00a13
40b8d5b3
6ccc5203
1bcc5983
60dda813
83018293
40bd5013
fff40a93
01137bb3
019c3ab3
01b9ebb3
6c9c4683
0007e9b3
c90fd283
c93f8da3
c80fae23
a67d2b93
00c351b3
6c0c5603
00d81233
bd2fa623
403bd213
7a6f9823
0149f5b3
01a09933
6d4c2223
00081613
40340933
fffba913
6c9c4703
abec4183
8d4c3193
44a92293
01c44533
0101f033
40970333
6d0c01a3
e32e0ca3
b18d1283
c93f89a3
e30e1483
007642b3
6dac1023
0008bab3
6e9c1b23
00120113
01cfb933
41860a33
094da223
6c8c2703
01fdf533
e34e5a03
01411713
e30e5303
1aa77837
4c5cc603
018d3933
d2ce1423
e30e2683
7d250513
4191d833
01bc9593
5555c713
c59d2e23
008e5393
003732b3
e28e2a23
401156b3
e3ce1703
27a8f713
4169db13
41995733
288c00a3
01ef0bb3
e3fe0f23
7931f193
2f0fd903
001577b3
80086013
00aa9213
00572a33
00015ab3
fb5f0a13
19fe8583
d122b013
002a5a93
2e0fd503
7fec5003
00cf9993
555ce413
4cdaa893
2e0fd483
2f2f9083
e22e1c23
3bad9d23
00a048b3
e37e08a3
4d75f313
00194613
00ad8a33
4abd1923
3d996413
0076f933
7d6f9183
4009f593
407f5733
011c9233
b3ae2623
cdce9d23
e321f513
e83f1023
c0acac23
7c8d2183
aa19cab7
01445133
c8fe4a93
2f4fa823
40016093
00f095b3
f74ae413
08aed383
00b52133
0019f693
01d7d033
00b62433
01f97733
0012c313
40425233
3fbc8703
2fbfca83
400e0b13
002ea823
3fcd8803
c1ec9a03
2f2f8a83
08cea983
08de8503
cd5e9b23
5555a793
09ceaa23
0040b833
005c0a33
4e0f0f23
005b1193
0391aa93
d50c2503
00c2f433
41438233
00265293
08cea383
0038f7b3
080ed703
0078d613
097ea023
83cca483
6d2da823
40850ab3
52bd1223
088e9003
001a8393
095e86a3
d54c1203
98fdac23
19abc393
00b5abb3
49fd9623
8c0e8503
4127d0b3
3150b993
49fd9523
65e86397
8aed1a83
8b130913
400b0093
e99f0403
11bb2813
446f01a3
8cae9b03
837c9823
8004ab13
f24c0783
8c8eab83
01619933
523d04a3
53f156b7
01d9f1b3
84291137
404bd033
de8e9023
40135b33
54ba2a93
d5bc0383
00744193
5f0cd683
8d9e8123
4009f613
528d0a03
5557ea13
800c0193
8ceecb83
019e15b3
009cb433
dd57ba13
0002b013
5f6c8503
498d9123
8cae9423
01041b33
0198b9b3
7d6dd203
41850bb3
181f0683
01d991b3
5f0c8f23
011b30b3
40398033
009f41b3
a0892697
0013b993
004af2b3
407a03b3
41c154b3
019b7533
017385b3
0112b433
0027d193
74eea023
40e4d8b3
184f2283
00409333
41ac5b33
40995633
012124b3
47ce1023
f669f513
01df69b3
184f2a83
413084b3
8dee8123
41125333
004e7bb3
7c4d8ea3
00dbe133
0006ca13
016b9613
28200913
4088d9b3
01f18833
40725333
01d66633
01890233
012493b3
c32cc793
184f1b03
009b25b3
7dedca83
40c8d6b3
fecfa303
7dcd8803
b6ce2983
7d7d8923
7d1d8da3
27ace5b7
338e5983
8c0e4803
e78da303
005d4933
e6ae0a93
ac5d2023
a8dbe393
00f74933
184f2623
00e3c9b3
4175d913
00120813
331e2c23
018bd6b3
5b0f4603
7d2dc203
d2b70613
991df837
7d1d8a23
38fc9123
12c0b393
7d3dae23
0033f733
018ba1b3
4153d8b3
018867b3
28ab4a97
01bb44b3
404d8333
0111d437
48a1b593
00bad8b3
41025093
01e8f133
400887b3
0007ea93
d42d1a23
005a9513
01f2a733
01175b33
e86c9323
93d34b13
964c5b03
af2f0203
00a910b3
7dfd8083
00e55393
efaf1583
01c461b3
7c1e0903
aaac4593
00df49b3
01617133
7c2e2023
714c1603
01337b33
007d27b3
00e4a0b3
71e1c6b7
50ed8403
39ec8623
67df1c23
7d0da203
00fd3a33
0069f633
40bbd713
a98c1423
01d637b3
41065933
ae5f0823
94bc9f23
50bd9423
01cd9913
41a75bb3
00869793
00a5d6b3
e97c85a3
00378833
96bc2423
e6ff6b13
a4118913
71dc0b83
f88cd283
d609a393
f6326113
7c9e4183
7c5e2623
388ca903
00b0cbb3
0086d533
012d9093
01ea43b3
01041993
8c9f8683
6aec9323
01cd5213
01eba933
718c1783
001a9633
01cf06b3
03ec5483
00056533
3d3e2823
016c7933
0172e2b3
aaa92793
148e4793
821c08a3
012dbbb3
40f2d393
00801033
00b77bb3
aaa88013
836c1183
7c0e2223
006379b3
6a6ca223
513f09a3
0121f633
0b464313
848fa303
40bc8bb3
3d5e2c23
01ff1713
8cdfa023
7d4e2423
00a9d633
01e79733
00807933
0195f3b3
38ec9a03
a75c0683
6a7c8023
400b2713
7ff63293
83dc0503
83dc1d23
005da7b3
874c2483
00131993
630ea183
0080f133
035c2613
00154233
838c5083
82ac0aa3
ad922293
3d5d9823
40c0d513
7ff3e093
40afd613
902a7737
001ca093
bbef8823
41a65393
006cd4b3
1f3d1023
01e71593
7cee07a3
013784b3
253faa23
85f23793
8c2fdb03
000077b3
400e0933
7c8e4883
569f4683
3d8d9683
4c7b6b93
41abdbb3
7c8e0023
00b0e333
411d9823
4d1d6693
01b2ea33
637e9e23
0177e4b3
6dfc2693
00408933
8b8d85a3
762ea623
f64f5983
030d5303
8e334813
429ca823
256f9f23
25dfc303
013d7133
01528033
41090733
40c45933
0009f5b3
f66f5083
890c8a23
3f434593
475e0ea3
0106d193
99a04093
418d8203
000a16b3
250fd803
467e0a23
79a02393
015b31b3
014b1293
52ff4493
255f9a23
015450b3
47ce1923
466e1923
243faa23
891e8003
00f0f233
248d8b23
41cdaa03
108da583
89db8a13
a7ef8293
002159b3
54ae8403
24ef9d23
472e5a83
8f18cb13
478e5783
250fa503
018815b3
ed2d85a3
a75f8613
2b0ab293
24df9c23
00225813
01fbe5b3
017fd5b3
01309033
011b8033
00b064b3
f96fd383
5d375a17
476e2823
b148eab7
01ac4ab3
018979b3
01da4833
247fae23
008d0433
01b5d133
250fd583
01c60b33
01eb95b3
aaa13113
1aad2c23
7436f293
479e1b23
46fe0d23
fe21cbb7
ec8dc903
004f3bb3
1b5d4903
b12c0503
00949693
f0ca3a93
25bf8823
ec8d81a3
222090b7
254f9283
b8ee0403
00657933
f9efae23
00e21833
25d80513
c9170693
4f0fab03
250cb813
01675833
41045833
8b7f2623
1b6d0583
259f9f23
8b4cab03
46ee2e23
caf16713
8701f3b7
01600bb3
91bd84a3
7ca64693
d18cb813
01939433
8aaf1023
85cf1a83
0109d013
573bb413
6cbdcb97
474e0d23
258fa003
0f1a9297
412e8da3
6da92893
253fc283
7c716393
90ddc003
01883833
7eaca223
1b3d2e23
8baf2023
1afd2823
257f9a23
01b2ba33
00ef89b3
560c2a83
90bda023
95ff6213
5a5e8223
fc702213
91dd8423
00e6b833
d32c8423
40040333
573c1023
f74c8f23
01ae9433
019f7133
c72caa23
00a62033
4053d813
40150533
e02f1623
5b1e8523
413a0a33
013700b3
41655b93
12777b13
00a56a33
01395b33
01e023b3
5f6d0223
b62c5203
d3ec83a3
01e3c733
5acea383
2e716013
526e1583
4ffd8637
000bea33
400baa93
173daa23
00eed713
ab2f0593
00cf1a33
01e27733
5b8e9423
00aed493
0075e633
01c05a13
b40d2783
842d9d23
006d0bb3
419bd533
d82c8ba3
29ec7193
01640833
b78c07a3
be1fa023
002f9113
012ed433
86a3f513
008038b3
001de433
beaf8103
5a3ec083
1f7e3b93
af3eae23
00b2db33
00076293
b6778813
bc3d48b7
012d9513
ee85c917
b55c2e23
8376f093
825c9a23
d1fd8583
49f3ca93
f3ae6013
415ad113
856d9e23
008a6ab3
850d8fa3
b40d0103
01f7e9b3
e1cc2903
860ac193
830ca783
d81c2223
40012293
a24d4583
00a41793
0009f913
863e4503
971c1b23
016389b3
d96c1623
832c9a83
aa4c8d23
01f79893
4148d133
555b6813
d84c2683
01075313
010fb333
407cd913
f808f893
838c9e23
3c5c8603
d9dc1023
83cca683
d4da03b7
304d4117
000c98b3
01889593
a100a193
211eb113
00efe033
ea9eaa23
74524913
d94c1423
aaad8b13
eacd1b23
41110233
a12f9103
40016513
400c8a93
0158e833
ffff0da3
a3b73213
838ca583
01ab5793
beee5603
c62f0b03
4386c737
b81ca423
832cae23
0094bbb3
01511513
89472893
d9cc2023
75e18b93
a94e2883
d82c5a83
6a618993
611f1b23
41868133
0dce2223
875bd3b7
40c3d0b3
cc7bb3b7
0094f333
8a1f8a83
013655b3
ea1e88a3
01fb9b93
41295833
017bea33
651c4503
7ff82413
411bd493
007857b3
418c8033
00ffb6b3
94155a97
000ec133
0072d1b3
84bc2223
8b3f9723
308c2423
84bc0883
602d84a3
abe3d537
011e90b3
37ef1c23
013a1b13
004aaa33
41ffd9b3
0738cb13
800df413
841c1623
001ff593
df2c1283
401c84b3
c0883293
a9de0983
6fd11a17
015b2033
840c2183
8434c313
858c1723
18b82193
d28e2583
8a6fa623
00978333
000e9293
97cc9b83
8a7fa423
dfcc0e23
016e4a33
00681733
a3df9d23
dfac0aa3
55520493
006d9113
94f37813
4c5e0023
0084ba33
c4cea703
71b92213
015c1613
41050133
848c5603
b9cc5283
840c5903
aa1d8f23
15944193
0b1b6413
080cae23
01734733
3768b5b7
0054d693
8ece2403
8aef9203
40f1da33
85de1b23
15cc5103
00db5413
47a03813
6809f713
01b9f2b3
74cfa623
abedaa23
012b5213
c4e78237
69cda823
23bc7813
594cc583
608d5103
ab2dcb03
015c8ab3
1d0d1e23
292f1683
8e2e1523
01ac2833
0d8f2483
00ed1593
64cf2603
004057b3
40dd0b33
38a50993
00d53633
0015a613
00d14333
71ac5437
cc9da223
ab8da783
0a2c0603
99660b93
2725b093
4167d213
013922b3
a6eda823
8e6e1283
003e09b3
088f2093
00ab5233
4aafd983
002704b3
00f78933
aa0d8fa3
00af4733
83bf06a3
aaa14313
00d5fbb3
82ef0803
cdcc9f23
000c4633
8e6e1583
006a6633
00103313
ab4d8403
1cf97893
005cb7b3
01bee433
01686133
01d1f933
ab5dc403
014bd7b3
006fd433
83af2223
ab7d8b83
aafd9f23
8ebe4303
cd0e2603
b6dfae23
01160333
8efe4183
000c59b3
007f73b3
4a5fc303
e8f73413
40eedab3
823f1523
01fe88b3
825f4383
435efa13
c98cf713
012f9313
0193d113
358c5383
778f1023
822f5603
f8e8b713
000a0813
37da1397
7e100b93
773f1323
4013d793
01985213
8e8e1423
120e2103
0108e9b3
016c5193
01514233
00365733
2c8ff113
d82c4283
01ea4033
40ee0033
e006c693
01c90533
2a3d2c23
0de16197
a37d82a3
012ca423
00e436b3
0f8da803
caeaf713
001c4733
90322b93
121e0803
82cf1023
40275bb3
7fff2693
fffc6393
830f04a3
798ea003
00cc88b3
02d62693
00ca1a33
01579413
76ef0883
0039a533
820f1103
01fa7633
866c2c23
769c4683
2bcd2583
82bf2623
41625b93
047f1e23
00ea7a33
832e1b23
76ec0383
76ac5903
053f1923
003b0433
0152f0b3
050f2003
827f0a83
053f2823
018424b3
00769033
00e296b3
84aab113
01d519b3
872c0f23
828f5a83
dacc7713
87cc2803
405fda33
412453b3
05cf5583
057f0a03
047f1923
774c1723
015a7433
3fa47193
563dc493
053f4b83
0001e093
aaa97893
f42c1a23
01bc89b3
00865ab3
05df2823
f5bc4403
d7d77093
01d93033
48dc4803
2e3c7213
86ac1b23
768c1803
7bad9823
00c2bbb3
00e8c533
9f6e8783
c04fa603
40965633
a61f1923
00e45913
04df0f23
8ea1f293
42ac4903
791d0783
054f0b03
01906b33
491c0123
800a6493
40aa86b3
001e4493
052f1a83
0f2f2423
480c0083
43dc1723
1e9e8993
5c27e113
481c1423
01e2a133
812d2423
8cbf1f23
ffffe813
00f59693
f6ef9423
01f4bb33
814d0323
01e66633
0d13b613
00850633
008b0bb3
011676b3
800fe913
72ef9783
b0df0723
2bb56013
00fec733
2ee7f137
1f8eaa83
488c5583
f60fd983
676e9723
7b7d05a3
b78c2a23
aaa0a793
480c5603
1fcea103
01de1633
8dcf2703
401856b3
ac50a793
b72c5203
48dc1123
41160a33
25ed4983
41f304b3
001725b3
009947b3
b1cc9b83
93bd0913
b1fcc483
aaafe693
7ccf1a83
e44c9323
790f1783
016194b3
f77f83a3
00bab933
508e5183
00431833
80080493
015a1213
06cd2623
b70c5b03
b69c0b23
483c0303
2dec8423
b17c8d23
008111b3
7a6d8b83
7a7d8603
e9b98893
14b09bb7
b0ac9d23
7fa76113
7c9f4283
618fa183
ceae9323
00180893
01c8c433
00b1b6b3
7fffb413
b11c9a23
380f1823
aeef9123
473ea8b7
40045bb3
7ff04993
e7b18313
010a6833
480c2183
015b1ab3
7aad8523
4bfe8723
bacd4083
00034593
0092e933
af5fa223
ae137093
004334b3
408e0033
00c7d6b3
01d497b3
01214bb3
d7be9f23
e0de06a3
0140f6b3
006f35b3
01baf733
006e1013
aecfd003
b12caa23
7ff30b13
0115c1b3
00655a13
4021d4b3
418d8913
a997b993
00057bb3
00272333
a7ad5783
41548bb3
016cd8b3
00b11933
00454033
4a0e9583
ba0d1903
818c9883
412983b3
c02c3797
01c963b3
7cfc7997
4196d313
005e8533
aecfa803
e95114b7
01a51393
ff5db693
403d53b3
01250333
40cd04b3
f2ac8c23
007d5193
8a9f8a03
8a4f8903
ae4fa903
81dcc403
410b5693
f34cd983
344c0793
01fb62b3
0162a5b3
4002b213
0e6ed583
baed1783
9dc87397
01006a33
aaa0c513
0152d733
4b4e86a3
00bf0133
01cf5113
d6ad1283
d49fa813
815cc103
afb0b093
00eb6333
008d9413
69e96b93
aaafe013
00f868b3
0f6e8323
00285713
1fc5ba17
0053f9b3
0e5e8983
4abe8803
8acea503
0fdea423
260cab83
b5f38393
6fcd2623
bb964813
00dd9413
00186313
41095bb3
00fd9a13
0226e293
88ed8403
402780b3
ea360a93
62cd2417
0ece2503
0002bbb3
c5bf2023
7ffcb693
4077d413
00e339b3
404e59b3
258d2083
00fa22b3
5b2f0983
0079d293
253d4983
4090d893
0e8e04a3
5fff8183
8aae8303
256d2a23
01462133
257d4203
009159b3
012c1b13
00057b13
ea0f9303
007ea4b3
0ece8b83
01a204b3
8aaed183
dd4c2983
733b6493
92dde313
00b26333
416e0933
00efd893
0e8e2423
13bf1c23
8bce8023
867c8313
ea6a3613
7ff6aa93
00d774b3
6c316613
401557b3
002258b3
010496b3
40138ab3
19380837
40ba82b3
0f4e1423
acefd503
413ed593
01dfd933
0033f033
fa0e1c23
66acd003
e84d1c23
dcdd8b83
00dccbb3
41c15193
01f53b33
fb1e0d23
00949a13
e91d4183
411b5733
fb8e5b03
0005c933
581a3113
104c4103
402ddab3
0e0e4703
fb0e4a03
6a0fa183
c01f8623
4137d013
416dd3b3
00e06ab3
8bce9023
6adfc603
1c7c7b97
7ce56a13
4e4ab113
40e5d113
80010913
28eab117
555e7713
004119b3
00aca623
402c8133
fabe0e23
4f1cae23
fb2e2c23
0145db33
718ea383
ca4e5103
fb3e0ea3
5eac1303
400e7613
800b2393
0ece5783
41e081b3
fff8c293
d2dea223
01ae33b3
00a3d833
3e05c493
00b61133
4133db13
4161d033
779b0517
f9f1c493
01ad36b3
112cae23
ed0f2b03
0123a133
017992b3
00683833
0ffe01a3
014a8833
11dcc603
417902b3
41780633
008cc0b3
6aef8783
66dd0b23
009186b3
e9be9923
01dab1b3
6da8e1b7
80060193
6b2f8323
ca0e1003
c3b16213
a38e4003
2d808493
a91c02a3
5f8c2223
2394c213
01e8b1b3
012db1b3
91ce5103
49887797
9a5fa823
00d89233
c8454193
00c9f9b3
f40c0523
0051ca33
fafc8923
5aaf1203
40fc5593
007df4b3
01018b33
01846bb3
55550193
9bbf8803
016b97b3
036e2423
007ba233
dcaf0da3
92317193
016477b3
41820633
54d84b93
5bdfb913
e80e8f23
002cd033
fb4c9483
6cd8e813
a35e0ca3
00965793
3ffc0823
fffa0713
002182b3
5f5c01a3
aaafb293
400cf493
018db6b3
7ff60a93
2d3c1c23
22032413
a8bcae23
4023da33
006ed433
4e5f88a3
9bcfa303
406786b3
0045b633
039e1623
0112eb33
038e04a3
f6f4f813
41ab5613
01c5e7b3
35653197
4fcf9703
644ea283
01fa9bb3
4a2a0397
4d6fc783
403c5593
a3bc8da3
64cea183
80077713
019865b3
020e2223
01359213
40340733
773e0ba3
649e8423
acc747b7
4eff8c23
b0168b17
a98cd483
55542513
9bffa823
cf2c0503
65fe85a3
00fe8233
2a0d8103
02be2223
00bf18b3
ba5f1e23
610da183
010413b3
01688533
00faf8b3
0096d9b3
ffff2a13
000fb333
652e8223
608daa23
0004e2b3
e15da293
a38ec983
800b4493
8dd32b13
601dac23
5eccab83
0001e113
b04da303
01639ab3
55548a93
7d6d2023
004b66b3
61cd9583
01553a33
00725993
2b49eb93
41935513
d0fc0223
cd66a493
00a8f033
0067aab3
2ace9923
619dc683
038dd403
0169d633
60ff2823
22044393
10087593
b9d58713
00bd1333
400b86b3
e3af3b13
ce532413
416500b3
5e7c8483
004d0633
019cbab3
011b22b3
168d9383
00ca1b33
00f78a33
00a37533
9475d2b7
020d1723
00112a33
00eb0b33
0ecea803
602f2823
019882b3
4ba29337
134ca023
4081d833
01426133
16d97013
cfce2283
091d0623
01249313
00f960b3
af2e0323
00527533
55542413
0116a8b3
00306ab3
926c1623
036d9303
003dd033
8b268713
150dab83
005dc433
007e5a33
150da703
405a5b33
419cea97
6bced403
00c17b33
614f4783
006f8b33
0037aa33
003c15b3
0193eab3
032dc203
157d9d23
015939b3
61cf2703
7d7a8213
0129d433
d1cc0a23
019299b3
40f553b3
0165aa33
d1ec5b83
660cb713
134c9023
149d9d23
d17c1a23
afee0023
120c9a83
8e84f213
a153e793
00121313
fca26497
800a8393
15ed89a3
d08c1a23
00875333
d0dc0e23
a34c2303
80cce413
01f79333
015d4133
df0f7a37
61cf1403
00254833
fd2e2223
00003a93
e05e7817
004eb3b3
a3cc2403
600f2c23
880d2c23
6e8ae393
8009c093
010d7633
012ad813
d44da793
001e9213
fafc1f23
6f4f2103
00d3f133
609f2823
00ccc033
01465313
401d5ab3
d04c2c23
9abf8a03
f11a7697
a3ac1603
a21c2e23
407f83b3
b90d2823
ffff4a93
1f556837
44662713
eefca223
907da823
01a49693
01561733
9acfa783
00010133
01f85a93
388d2683
013e1133
b97d0983
01fdc433
6f7f4883
d6c4e713
00c35a13
388d00a3
187a8913
b9cd0da3
012bcbb3
4008cb13
d1ac0603
41b50533
01cae833
382c1083
005cd233
01c00433
38fc06a3
9aff9623
d06c0ea3
d17c4183
38dd0a03
00125093
6fee0da3
7ff34413
43bf8aa3
404c00b3
9bdf8723
382d1a03
2517c413
019dd313
00dce333
bf2f9923
41378033
908fd783
43aff593
38bd0103
01451513
000a93b3
f90c2683
01778513
6fce1903
435fcb83
8008f713
6743e113
011cd713
047d8403
e9e36237
04ed1423
3ae4bb37
4c8fa423
0154c633
38dd2223
1b5d7517
01f03233
850d2783
da6d80a3
01637933
414ad1b3
bfcf2a23
48cf5083
90ef87a3
855d2823
01aa71b3
58916a93
01386a33
41c35a13
019076b3
6eceaa23
001877b3
01a674b3
4c0f8783
5b6dc393
c5cf2103
00b5b633
5552f593
00144b93
2a2fca83
f3af1503
800a2a13
41ec8b33
d1cf0013
e7097593
166f4203
01be2b33
40b952b3
d06d2e23
4cff9723
410680b3
d1dd1a23
3c3f0397
944a3293
d0fd1c23
d19d2a23
41e553b3
012df033
00ad3a33
0c104893
01d7f0b3
a66db293
01d39b33
00113633
588d8103
2b2f9023
e13e1c23
cc8ea503
00ecb5b3
00a22433
458f5b03
aa6d9003
0069a7b3
410ad093
440f1923
000d3213
45cf08a3
d09d1f23
01aa4433
f32f5283
f3ef1d23
0aade293
444f0a23
d1cd1883
acd3c693
9e032593
5ece2c23
002c87b3
8007e593
41a9d233
d1bd0483
55dc0a03
c49d0a83
084c1383
01432b33
00d95933
41700bb3
a53b0517
338d5503
40525513
411a55b3
15ad0323
7f89c513
40084213
63be8883
006b0033
409f5b13
01251b93
44df2823
4152d333
b3644313
5ece09a3
013692b3
c4fd0283
bb9aa993
006ad5b3
2c611517
16bd2c23
9c8f2483
33bd0b03
f29d2a23
01011b93
000ee933
018f4933
638e8b83
33ed1823
003c5733
01651333
c40d0083
9dbf1623
417c2a23
0000c7b3
f3bd4503
00b31513
db6c4483
b6456113
fff68093
59773493
0195f2b3
13278293
29cd8383
c8ad8103
01cf3bb3
9dcf1123
0138ab33
9c2f1403
704f9403
4046d633
019e7133
ab508493
f2dd0ea3
758e0ea3
01479613
74de2e23
00836033
41c054b3
523e84a3
c84dd083
01deaa33
403bd933
01260b33
004bd5b3
a35d0583
9cbf0483
01d9d893
f2ed2a23
db0d0aa3
003ad933
800ce813
4ca1f737
004ec3b3
016de2b3
f2ed2823
f5ce8193
ac0fa603
f3cd5783
9daf1323
01c218b3
f3fd2c23
db1d4783
f23d0c23
f39d0503
02fd2423
00229133
00bccb33
0c8f5a83
000db093
400f3013
c8fd82a3
41a65533
0176db93
74af5583
01929933
dea92613
f3ad1a03
0c1f0503
2c7c1123
413489b3
01812033
c84dab83
40f3d2b3
f3bd0403
0d0f2023
0047b633
c0d29297
db0d0783
36dc0a03
410b5b13
c08ed483
40528233
f25d0aa3
01539593
f2fd1a23
01119593
96cc9483
747f1623
01e92bb3
00802933
ea836a93
005310b3
a58e03a3
0197dab3
af3d8983
00c91433
08107113
2c4c2903
1ebaf613
7ffdb893
9097e997
00c25613
6ce4e3b7
00180793
01bb5393
c06e83a3
a51e2623
6e2e4683
c91d9123
015f55b3
f3ad1883
b0efd283
b42a8813
f0410617
caafb613
40e05733
600b2737
d3fe05a3
00b11793
000ab193
fff8aa13
01891813
a20da103
430cd303
606ca423
3c44c7b7
de9e1723
01f3e933
00921013
d1717793
7b5e8f23
01106533
fff00713
fffb3393
40093a93
4020d833
421c8a23
d51d80a3
417404b3
f4cdd283
5dc0c317
6e0e2223
404306b3
411d5693
008b38b3
00964633
fffc4b93
df2e2023
d34c2983
010694b3
430cd203
b1ff8723
1c4d7213
650d2803
e479b097
452f8403
40d6d0b3
001c0bb3
200c9a23
555ab213
800b4593
01b51533
01d897b3
018ae9b3
40bad513
c98edb03
01e966b3
40ee5bb3
aaa08713
01365413
009b6ab3
ddcda683
6fbe2223
434c9b23
674f8793
01142bb3
764d1123
8d8fa283
d23c1c23
411887b3
b0cf9723
6efe2623
045feb93
fe8d0ea3
43acd703
001a0613
40b787b3
8cdf8ea3
6e8e1083
41495613
00ec58b3
0121a1b3
011f4533
01a5a133
00a1a033
5602b237
2d4c1603
417dd433
414d57b3
019cb333
015ec433
41375813
00d60633
41cbd4b3
30070693
5d1f8493
80074413
726f2513
592c1403
0049f533
00ccd093
070f2603
6e7e1023
00547933
00deb6b3
826cd783
066f2e23
ff4d4203
015b81b3
0146d533
6f0e1523
6e0e0b83
400107b3
56992293
836c86a3
01921813
2dd8f693
40b15a33
d23f2417
000288b3
a31bea93
015fe533
019af733
6fde2623
7ffe4b13
01f199b3
877f0703
00469ab3
b7ee0fa3
84bdac23
ce7f1023
065f0823
408e5693
6e4e5583
014181b3
495f0123
018d2933
0191c733
408e84b3
206c0823
016a4433
e6ae4703
820cc383
6e4e2503
02cfa083
230c5283
cf1f2223
019fd193
00a6d633
017930b3
017d1933
0181e3b3
4001eb93
1ef68893
5fafae23
018e1b93
b575b817
6f1e1323
0076e833
41445633
2a89a493
87af1183
40fbd493
408180b3
40d9d533
d2fc2593
d3cd0c23
828c9423
0060cab3
fa3ed097
01d7c733
c05073b7
012cf433
0009e613
01635b13
d8bd0103
800e8213
d183b897
112ca623
48f53817
e60e2603
019c7233
00d578b3
00ea9493
21cc4303
0032d693
80d80813
665da823
f8517a97
21dc0303
64ad8d23
57e4ab97
cc5cb493
01c1a133
cffb0293
00391413
0002b513
414adb93
004ccab3
b20d8683
668e2c23
5e7f9923
10ffab13
001fc633
890d1103
486dd403
006c1713
00dee733
215c09a3
aeab2693
61df9c23
9c8e2583
01d3f8b3
00f560b3
0003e913
5effae23
892d1203
002be333
413d8923
40f65a33
4192da33
40e8d5b3
619fc603
800c6693
6ea77793
1847e737
245e8123
38bea823
fa3a8a93
e35e3213
4d1c9e23
00309bb3
012c38b3
4188d893
00be6333
697f9023
2c6f5683
604f9e23
4009b113
d36e1223
a723b593
41e25bb3
130f2683
7ff92093
828ca883
120f0ca3
fff28713
eefe9f23
771e3193
e21fa593
00430bb3
d2ae5a03
800b7593
019c2bb3
01e94233
001f3793
01b58233
00b992b3
41e7d033
d444da97
800ee913
b28e2883
57277793
419a02b3
2d2f1723
0bc70413
13cf2803
e1ee5703
4183d193
b25e2423
68cd2603
620e8ea3
00f497b3
e03e2823
d5970497
632eae23
0017c933
41f00233
069c6813
01fb41b3
c55d2e23
136f0683
40ea8333
886d9823
134f5583
09ef4713
2c5f0223
132f1823
00a8c3b3
014ac433
c3fe8703
40225213
63cea103
41c1d093
cb5c1923
013008b3
018698b3
88edae23
133f0b23
28fe0613
bae6e813
01e56533
007116b3
00fe2ab3
6e36e913
c7816a13
624e8d23
001095b3
015cf533
009a3b33
df98e413
4dcfa403
40ce5893
00eb0ab3
00b285b3
956e8483
e2a50493
411cd133
000aa113
00a774b3
01cd3133
141a9817
01045a33
aeae2a23
007f15b3
7ae97093
89ed9503
40fa8933
01ea25b3
01cff033
843fc883
0b4e2103
135f0da3
7d5d8083
1dcca403
cbac0b83
3dcf2423
fff0fa13
aaacb193
846fa223
410486b3
c27ec703
9ddf4203
452d8383
848fd483
00e9db33
e6eef2b7
01d9d533
a7ac9a23
a70c8783
ca6c2a23
41575433
f9ca54b7
1c1c9e23
1ce8e017
409a89b3
018e8233
01095393
008b98b3
84ef8b03
0061b8b3
e98dc193
0010cbb3
7d1daa23
00b18633
c20ea003
be0ca503
4176d413
1d7be113
1cfc8c23
019d9893
756fc683
c1943413
a3272b93
344ed497
00599933
4091d3b3
01de5513
8e1a4997
01721913
d0514913
00468633
389f9a23
840fd183
404e5733
b34fb2b7
e60d9523
00d9c733
aaaf4693
41375ab3
01ed2833
261d89a3
404f5933
01345893
345e1723
418f5833
01737233
01a13333
0017d813
41e5db33
0014f493
107d3193
cb2c0b03
0006da13
0a9c8203
40a2d1b3
40fd8733
49ae8623
5c8db693
7ff42993
9fc758b7
48de9523
0b8c8723
842f9503
0b3c3413
3b0b8713
480e9783
394cab83
40d9d533
0146b933
1d2c9783
80dd8783
75cfd803
aaa80193
34fe0323
344e5b03
0052b733
01bb12b3
f4d99717
000901b3
e38bb893
27bd8003
8eed0923
010067b3
376c5a83
1105e693
484e83a3
382caa23
00e5fa33
44d9b417
0a8b4a93
00e50533
00363033
004cd793
0bac8623
1cbc9c23
40f609b3
1dcc9183
64ff1823
410cd333
01f79993
41d3dbb3
00b443b3
ed683113
484e8783
80dda223
40ccd8b3
4019d513
0a9c0a03
009226b3
007f57b3
017ad0b3
01357433
0088c633
3cad0a23
7393f393
005df9b3
0a8c9683
b725a013
807d9523
01f392b3
40b6d533
d28f0723
409f8733
017726b3
41e35813
019bf8b3
3dad1703
b21d1b23
0116a0b3
c14c2503
c0618913
01c39ab3
009ddbb3
498ea423
01758b33
4001b613
c1bc0803
00728533
01d85813
4e2b2613
00a2a733
3d8d2a03
01687233
41d40633
a8847693
eefe4303
d34f2423
41cd0033
4096d713
98cbf337
c5ff7093
0064ea33
0188a7b3
019c2a33
01d926b3
5236a713
d28f5083
00916833
004bd213
0003ca13
3d0d2703
fff40b93
8a164213
01e8f133
64b5b513
86ecdb03
d2af1103
c1ac1f23
00a34b33
3cfd1b23
270d2603
012879b3
b3bd4983
0e7d00a3
0e7d0103
c9e1b897
ff4cae23
d2ef0423
417d5333
d23f2623
f4ec0003
00c65893
cb68b513
014a9393
40260433
40d58bb3
41338533
4c207793
441e1423
4efe1323
ff8ca483
00314b33
019df5b3
ed4d5383
000f0313
446e0123
444c1223
746c9b83
417503b3
01cf1833
d1373313
01eaa7b3
f46c06a3
ff2c9483
fe5c8e23
413e8933
829f1a23
411b54b3
001f1b93
0e4d2003
01151ab3
ed9d0c23
010e08b3
002f75b3
a0b26393
b04fa493
69cc0703
f45c4583
f13cc283
0edd4183
00d5a7b3
18380b17
00b1d533
da2c85a3
4191d833
741c9023
894e4a03
00bf5093
417886b3
262e1223
9cd0f193
958f2823
0086b4b3
007fb933
f43c4983
83cf2983
0144f433
4e250893
183b6913
cd2f8a03
e58ca023
0e3d0083
019ea8b3
80b38193
4d530693
278d2983
404158b3
01cf6433
416509b3
411e0933
863d0a83
00245793
7ccc2703
e2a5f717
000ccbb3
41b0d813
00e5a1b3
86fd4b83
262e5883
002df533
01b89bb3
2cee89a3
3aab0993
cdcfc803
a484a513
f5fc1423
00fa37b3
40c6db13
40b80ab3
006518b3
91780b13
0136a233
bb4883b7
276e1423
005d3733
2d4e8983
26ce5a83
01f8a033
cd0fa783
0edd00a3
091e7293
865f9623
0002a813
dbec9983
dbec9303
f6ee5003
aaa3c593
40a70b33
32fca023
f76e1223
01bbc2b3
1d1df137
e05c2623
010cd3b3
00a43ab3
acad4a13
01482633
01569013
108c5703
33ac80a3
00dc6ab3
01339293
0141e1b3
01fc5493
e00c5603
dbdcaa23
007292b3
253ae997
00b6e2b3
01b72833
2dbe8103
003190b3
d67e2623
002d5ab3
e5cc2423
d52c8003
9ba36593
db2cac23
e01c4983
da3c9923
09514913
2dceae23
78dd4183
01482333
001337b3
40086493
00691333
41678a33
016f0233
78cd1903
01290233
e2d7b813
2d7e8ba3
00d51013
01906a33
11dc2223
335ca023
00f112b3
e01c0623
0170f1b3
01977133
41150633
411f81b3
990fc983
d63e0983
0008d533
012b40b3
00e414b3
dadf0ea3
41965a93
004a5113
01f35b93
41dc5b93
405b06b3
40685733
787d2423
00f035b3
2d0e9283
01d81913
01994033
781d1123
7ff96b93
795d2623
78ad1403
771f2a23
aded1f23
4e0e80b7
5f160413
00c2b633
78bd4483
1fac0423
01890733
01eb7933
010e48b3
acfd1923
40efd113
fff86813
acdd2c23
8b8fa183
7fff6a93
d14f2883
01389393
f04da103
accd0ea3
8baf9183
3eef9603
781d2423
0024b2b3
784d5283
966f0a93
001a2313
01ce5933
68afa623
1edc4503
f30728b7
00d69a33
005e5333
790d2683
aced0c23
bf638b93
00809313
adfd0b23
adcd5903
412354b3
0095d293
238d1b83
231d0ca3
10cea483
7e7c0383
01f669b3
0022d333
798d4603
b7b93813
83bef917
acdd0a23
01bbe633
0082b533
acdd2c23
aaa2eb93
00430933
1e2c2623
aefd9223
aaa1a793
254ed483
00921b13
40330033
00cdd213
800b8a93
aaa20a93
10753993
1fac2423
10cec003
41c6d713
abff8703
57ef1d23
01e596b3
016de9b3
57af4003
40f605b3
41b45133
40c256b3
00f22433
00795713
008e2033
254e8f23
7ffa8693
ad0d1403
fb0d8723
1edc2423
010b4133
69840113
ad8d1883
532c2297
00320933
01c5a4b3
26696393
0000d493
403e54b3
18511b97
41d67817
419600b3
01751413
d77e9f23
409604b3
019053b3
8eed4903
d73e9b23
014c0933
01a89933
001b4893
00839433
fb4d9523
001b2693
5a0dd203
5add9523
59efc703
0001c813
01dcd7b3
8ead1083
402b5313
1c1c8313
4b6e8b83
00979433
9d7ce113
8e0d01a3
b4ed4083
8e2d1783
01e81293
ad4d1683
f9e2a037
40dcd593
00818b33
77cf9583
00efc2b3
69a9a093
8fcf8883
af202613
cd8d5a83
01af5bb3
00aa9933
01411793
fd34aa37
01125533
4128db93
1ca61297
01218833
8fbf8503
ad4d5883
64ec5b83
41335113
b94c1703
40dd2023
8f7f8aa3
cb012593
01cc3933
01c8d233
41f2d093
000ee213
0115e1b3
8f8f9003
0071c033
007355b3
acad0d23
ec6d1623
01533a33
8fcfd383
de8d2283
422cd283
deed0a83
db40e313
7fff3793
0157d013
8edc4983
003fd2b3
ccce8223
003c7a33
400f6213
41d08133
ec4d1023
3dee1c23
cd1e9423
b64e05a3
deed5203
4006a413
0196b9b3
ae35c737
0195e533
40408ab3
41dfd933
f2281a17
d2eda023
3d8e2303
41ca0ab3
644ca283
00ee0ea3
cc4ea783
4a0d0a23
015904b3
c57715b7
4005b313
3cee1e23
0067d993
b20d0fa3
3d9e0fa3
0148f733
0057b3b3
4003d393
64cc8183
a80d8323
01e55913
01171833
01e8d9b3
0166b0b3
cf4f2483
0007a113
41778bb3
785c0097
e60ea023
373c8737
704cac23
01ad1ab3
0171d093
bcadeb13
00a44a33
40f95933
99f22813
00c24ab3
ccae8323
dff40a93
7b2e5903
ac04c693
7ff3c393
cd4c9783
416a5a93
407b55b3
6d855097
aaa14613
73af5197
ce4e8b23
434e8983
66b41797
001cd413
00e24bb3
079d82a3
705c9a23
00036b33
5f0e1423
3d4e2283
00fdf5b3
40735813
005b9533
606c1d23
c50ef593
e94d0737
d11ec503
00346b33
5555e813
00b501b3
43cea883
bf6f8803
412d8033
718cd283
011516b3
011260b3
01eef633
016186b3
462129b7
606c0f23
aaa97b13
01e85b93
471f9697
019dd433
793a2493
cc4ec903
779d2c23
b6a68a97
0141fa33
43cea083
001ef2b3
d50d2a83
0091c533
db69c037
0033f9b3
77cd0f23
00dd7a33
305d79b7
1b94b0b7
0101e733
009adb33
bf6faa23
d12e9883
ffff2813
01e75433
434e8a03
0016f1b3
00a2b6b3
0167c8b3
775d1a23
c59c0b23
00b95033
00536233
5bac1923
009ac5b3
f29b0813
5b0c5783
76ed1b23
9ee2b593
11c63293
6468a237
772d1c23
7fcd2423
405080b3
41745193
3e5d0483
76cd0a23
405b8233
0128d3b3
134c5483
010cd7b3
1603eb13
0cfdae23
ae0c0b03
00ff92b3
76ed2823
40b05b93
e3b7c813
438ea823
01df7533
77cd2203
0dcdd303
40e1d233
41ccd733
01bc51b3
00e696b3
01dec7b3
c01c1b23
fa6f0b23
aaa4ab93
74cc1a03
ecf5e913
002981b3
2cee2a23
740c2003
00fbb333
f41f2023
0055f7b3
7e0d1b83
8acf8883
f8bc8ca3
012375b3
8a4fa683
004018b3
c6cca203
001b4333
740c1083
0172d133
7fad1223
51dbd417
775d2c23
40bdd213
0c4f00a3
76ad2c23
97ae5983
c6eca223
e7ed8a83
851af993
800aa193
ebcaa593
0149b833
edbba113
f4cf1783
77bd0903
017e1a13
01bec833
774d5a03
55538013
0caf0723
a239a917
5553c293
824f9583
126dda83
777d4b83
01b52ab3
83bf4b03
f44f2423
007e4833
777d1e23
778d2483
090ae093
6cdf4137
8008b493
01329993
01dc34b3
7ffc0a13
8cf42113
0042d493
a7cf9923
40c55393
92eb5a17
0005d633
779d2c23
066f8b03
de8fd503
e59f0883
002646b3
555e0613
e09d0423
e50f2c23
b58de613
0132d513
de6fd283
d01ec093
77ed2823
01cf9193
34afc283
00431693
fe6c9383
7ba5b913
e883e213
408c57b3
8a3fc113
a64fae23
40180833
839f0da3
4014d233
df8f8623
407e8ab3
41b35a93
76492893
40d15793
d5004a93
de7f9023
00e89433
0022d533
4006e293
00cb78b3
3eff2623
34cfa803
eeff9b23
deaf8223
d7f3b393
904c9203
419256b3
0162f4b3
4093da33
254e2503
001e5413
410f5193
3d8c0493
a7ef9403
ef0fc103
007e3333
95a40193
29be0183
30cc6237
00c22b33
82df1e23
003bb3b3
90cca803
009eeb33
2ce36497
4070d5b3
00bcf233
de0fd883
0f712913
006cc333
15ab2193
256e5883
41628933
0164e033
015450b3
410ad113
00c51213
40dc0633
256e5603
00ddf533
4ceea517
0106a2b3
01e59893
41a589b3
01489193
0037fab3
00d885b3
aece5883
01831893
ff8d1023
ffff0293
00101893
00dfd293
90acda83
d83db413
017a4933
f907eb93
cebccb83
00479833
40a88b33
290e2383
ae5c4303
901c8b83
01cd9393
40720b33
002c0633
00cb0b33
013be333
906ca223
fe0d5383
905c81a3
c9df9623
7899e713
90cca783
41875813
004b23b3
437dc637
a6cfd603
000b8113
90bc8283
55526913
906c9a03
01b1e9b3
0134ab33
017ab5b3
010114b3
9bf83717
388c3993
cf253217
0041a433
4079d233
00ec00b3
6f4d1d23
90ec9603
900c8583
774c2403
901cca83
eb422837
00785b33
00c65233
22ae1223
fe8d2903
800c4993
00fdd9b3
8b6cd703
0088a2b3
41278633
40ab5593
c8bfa623
91eca423
015cd313
65520693
ff9d1623
00611593
d0dd8213
011fd2b3
903cca03
00301433
012c1a13
916c8523
124f9697
d34f9683
a8bd1023
6c1f0ba3
91cc9523
9eac2223
55567793
8a7ca823
00fd19b3
0136b4b3
40a1d3b3
0071e633
010ac933
9b5d8893
111e8b23
5792c037
006eb433
55563493
01c9c233
fff16193
a21cc303
01b17733
4eaf5403
80027313
0147db93
fe0d2b03
01d242b3
df2db193
01e1d493
00feb133
003c8833
b36ea823
e8110a93
1fae1103
dc6dd903
43c92313
b31e9923
0950b7b7
00792933
01aca2b3
017497b3
11ce9203
016361b3
004ae633
e72f8c23
d34fa483
111e8883
116e8a83
cccf2b13
a1ac9023
7ff92b93
01cf05b3
e4ce2493
26096713
00f5dab3
443d4103
feed1203
0072b8b3
00fef233
b04ca803
01b09293
418950b3
01360533
dcbdca83
11ce8d23
000db5b3
debd0aa3
aaa5f293
01abd5b3
b29e8f23
0041b6b3
450d0523
b1ac9023
e74fd383
44c6e793
0156d893
e48e2083
80054513
468df997
e74d9003
aaa64613
8941b413
e7adca03
e6dfac23
c18aa217
400aa113
00a0d033
01735293
7b8f1223
44fd2023
ad3c1417
e7cf9d23
413ddab3
005825b3
7f746bb7
6aba3317
403058b3
e75dae23
4b8cb413
41a25b13
e7cf8003
555b7793
397caa23
fffa6393
df413b93
448d1623
e72dac23
01bf72b3
84de9923
41c10b33
a7bc2e23
b801cb93
cffd92b7
db3e8fa3
0195d333
00483233
008e1993
266e9583
00de1693
c80e8ea3
96fa7813
012fb433
e7adda83
016c6833
5555b513
d00e8da3
400158b3
44ac2a23
450d0523
77dbb237
e7bdc303
00270133
00e5d633
475f1223
00a6f033
383c8da3
444d1283
01a83b33
0100b933
a24eae23
a1edb2b7
1f7aeb93
57ffca03
23f44713
e6ed8da3
e7edc083
db9e8803
0136b5b3
e62d9d23
6cbdc203
ffca4113
015bd4b3
54188517
d3ed2423
00277bb3
2f3c8f23
0189dab3
bbf6a093
c6cf1903
a90e2883
2f7d0e23
1bcc1a03
4103db33
000a3913
01432233
01f65313
00fe11b3
5554c613
574f88a3
e79d8ca3
32ec5703
40e9d193
f7bd0623
4120da93
e63d8fa3
01bb60b3
01353733
2f5d2823
704cc083
01111433
000c8293
8950a193
287ac113
ec166b93
2efd1823
018ca433
015947b3
71bca023
8aac8923
2e4d0e23
55512613
01858333
11672993
01cc6933
01049093
a3ebb997
013a90b3
136e8b23
4082d313
e66da823
004b50b3
001f6ab3
a95e2823
e74da083
000c4313
98e1c597
9a7d0aa3
006c8133
00679113
eb0d8403
e75dca03
2ecd0ea3
006988b3
e71d8903
6cad4b83
9b3c3893
6d4a0313
15be8403
01b783b3
00720433
012f5213
4c0c5983
01891433
412f5633
40c4e793
ce184693
b3cd5183
2f9d4a03
6c2d5803
cd2e8083
41ead313
f6bd1323
0184d013
4167d1b3
e79d8703
e78da183
efe0a713
e70dd303
2efd9d23
000d3a13
e7cd8b23
01971213
0002c613
267ca013
30ce5083
0079f033
2fad1b83
cc9d0ba3
0005e713
400200b3
41435b93
00a4b3b3
e7fd9c23
01cdfa33
7900cb13
1b3cc903
0152e933
aaa5e313
00637033
c7fe1023
158cd737
80cca483
2e4d1d23
e74da383
00ae5b13
0124fa33
41de0bb3
019fb0b3
009f75b3
00744ab3
e69d9923
182e9183
40f35893
409358b3
7ff4c313
00bae5b3
3d312a13
e77dae23
08ee9023
011ff7b3
001ba993
4004c293
00094093
fff4a893
e65d9f23
00b8f7b3
01520933
00918b33
41530633
00193393
00886633
0083c533
01cb5a13
01d09b33
11ed9517
41000bb3
890fd483
1683f4b7
016cb433
2d4ea583
014fdb33
0075b9b3
001cabb3
0031b333
019383b3
e90f8b23
1f692093
89cf8503
00249013
00b7a833
3a7f4213
88bfac23
897f9d23
c4de7937
009b74b3
bdfa6717
895fa823
419a5713
00fd30b3
89bf8503
002a33b3
895f8303
94cd1383
406f84b3
00478bb3
0076a7b3
aaa8f293
584de117
01493333
0179b533
890f8b23
897fae23
c9fe9b23
40e054b3
b4afc383
32ab0b93
38418313
7ffe0713
dfbdaa13
08e95b97
41ac8733
001c5b13
b7ce4b83
e7bd8d23
00d904b3
b1568513
0167b7b3
40320633
22bc0783
e93e5617
00ddc733
008661b7
016c52b3
40655793
01e1f5b3
0182cab3
01d24533
00261a93
94fe9123
32da8593
40268b33
fccd1903
00719033
00f36b33
894fa603
00fe2533
006463b3
881faa23
fccd1103
4193d633
a9bd0623
b7ce1a23
016943b3
bbff1837
40058793
050c9023
01b81913
94cea283
01185433
00118b13
27a91497
cccda083
fced2023
ed4a4613
01358033
36cf1a03
01cac133
618f2293
b78e2a23
c37c2c23
4d8c1483
00a9d4b3
0101d493
0076d593
27bc0723
01c8e6b3
b7ce1703
8c2c9423
58340193
00108a13
011ad5b3
016761b3
fc5d06a3
894f9703
012589b3
8c6cd703
019f5613
01603233
fc4d1723
1f78fa93
0095f933
b7ee1803
00650033
897f88a3
4069d593
003cc2b3
0047ea33
401dd093
00120193
ccdd8803
c1ff2423
888f8da3
01703033
3a2fa393
7ff5f413
000ed3b3
b8418137
01c786b3
8002a913
696d9503
e0f12493
01445733
ebfc4483
8d1c85a3
588e1383
442e8183
eb7c1a23
01de09b3
00a996b3
687f2623
89ef9403
c06f1723
682d8ea3
0090ca33
800ae793
b16caa23
884f9d23
0180cab3
7fd52113
ea8ed283
01ea6633
72800593
684f5183
00df61b3
41ad0633
eaeeda83
7ff3b693
41b8d793
4b6c9703
b50c9603
01df3233
88ffaa23
873e2513
40705393
c23f8623
da7e0b97
017103b3
00ada7b3
feef2023
fb206a13
007aa833
016c58b3
00544b33
019b0033
01d463b3
991ca623
fe4f2303
dfae0083
0199a233
c03d8a03
01cf9283
d68d9403
016f9b13
ffef05a3
c1fda423
892f9303
014c58b3
001ec993
e537a813
004f9d23
82208693
3e0f1683
01f57b33
c2e2c093
415d5093
fdbd2e23
c6fd2423
bd79ab13
01fcd7b3
ebcc1003
cbde03a3
01d3a533
0059d533
01654933
2cd32813
724e0183
d04c8c23
414bd333
f59d2e23
01153933
016e50b3
4113d6b3
f5834117
403b8033
016fd403
01fab533
006687b3
018fc803
001fa823
eb1c0b23
c00da303
006fa823
01fa7433
01d5e4b3
40a95633
01af9483
aaabc193
009c11b3
ca3e2423
7ff06493
81ec4583
d5ccd883
998ca303
d5cc9203
7ffb0793
00c8d513
80ec0ea3
015732b3
b7dab493
f42d08a3
40f2d9b3
012f9103
010f9f23
ca2ec483
4107d9b3
018790b3
85b00b37
0024d0b3
01d54733
fd6f9923
342ed903
012894b3
18472b93
fdfd8183
d5bee613
800dbb13
f4ed5583
01655613
812c2c23
012605b3
368c2983
00a26733
01285b93
996c9a03
011f9e23
007808b3
f46d2423
98ed1283
1fd43b37
985c9923
98bc9b23
763dc283
698d2203
983d4203
69ed0203
978fa823
f97fc513
0066bb33
41db86b3
97df8ea3
00a69133
994c9a03
5a9da023
76cd9783
1172c893
1eabaa93
c4c65337
d07c0aa3
abfda623
bfce5703
ff7dae23
01b4e0b3
01277633
008a32b3
00338333
29cf0383
fffce493
011a67b3
5bbda023
410b0133
001fe4b3
c43d1223
98ac8d23
166dc897
00aa46b3
00e50233
bf0e2b83
ee083ab7
40d0d193
008d54b3
7d306893
97af9a03
007e90b3
8e8d1223
413a5913
00fe4b33
41525393
c19d4ab7
c5957913
41185793
977fc703
97cfa103
aaa40993
019c38b3
010a1393
4f2c08a3
0b71b817
0072d033
bf6e1183
0014e733
fe8d89a3
b7ce0b23
8009a713
11ac9223
b70e2283
dc8f8523
01f97733
c6074813
630f1003
985ca823
d4ced583
016e7933
40086793
01731213
38ae0a23
de983493
004f00b3
dd8fa223
01dba2b3
ffcd8803
1e5de693
01bd7433
010739b3
01081233
b9fa0013
55717613
0070dbb3
b4fc4203
001f07b3
0187e033
01fb5593
418dd2b3
ca622493
978fa003
8a3d9d23
fff3a413
409fd013
53bc9023
a2388813
80050993
40160133
010b01b3
102ca023
7b48a697
108c8723
41eb0333
a37d1623
5efc3393
01a1d613
611c9c23
00fe5413
7ff93493
87ada893
98dc9e23
8b9d8603
7ffce113
434ea223
60275737
561f0783
00f5cab3
001395b3
106a0913
97cfd883
994ca823
a22d1783
20fe4a03
8517f693
003869b3
75130213
7ffdb213
00052193
b5680893
7e0da023
110ca023
40070793
60cc8923
9d962a93
a28d1123
25ac9c23
01c5d813
a20d1103
01a9c133
f24ca693
3b4ef293
d7c7da97
8c4dd483
01a2d713
013d74b3
108c9503
172d8703
01d51733
0015c6b3
0129c7b3
ec0d4b03
c20c8523
01e1d993
8d3eb213
00cf6133
01dc7233
01728bb3
a5efe193
f92cc913
0183c933
568f4903
82ced983
41fc0bb3
a34d2023
88de1523
01c75a13
614c8b83
d44ea603
bfee9603
41228bb3
aaac0093
007c6233
36a94393
044cc083
05cf87a3
000a6a93
55572a93
80047b93
108c9603
40475633
50dc8103
8ced9583
00ec98b3
40608433
00b834b3
b7e64593
016195b3
c5ede313
d43ec283
2b6ed903
78b34493
7bbc1723
833e8623
8cadc783
aaa40593
01d66233
01163333
724c2b03
0b7d3617
4db70113
001e2213
015916b3
4b8fa683
b4ac9a03
3ead82a3
055ca423
013384b3
148e1103
001201b3
ad7d9d23
40ff04b3
003906b3
c737b317
502c8223
86b53a13
d41ecb03
0001e393
40185293
728d2b83
00fdd493
0165f5b3
009718b3
0010e013
7e592713
66971537
4a0f88a3
fff26693
00482633
00168493
d4ce9203
9bffc683
00fa1a33
7fbe4283
00f5f8b3
01704733
4c008117
9bdf8aa3
d35d1823
80044813
15be1323
ab4c5383
b4a26a37
01151893
006a06b3
abbdc303
20cd9a03
148e1403
6ffc9a23
03ac0fa3
997e6613
14de0b03
732977b7
09fa9ab7
15d53693
8001a493
01bcd633
4bdf88a3
b8164b93
1b8c80a3
1bac9523
d2ce9323
aaa0f793
015bd613
d38d0ba3
017b3b33
959f7113
c3892113
006938b3
003edb13
019f73b3
c12ed303
40eb5213
d2ad2e23
c80eae23
f74caa03
617c02a3
edad0b83
c38e6637
01f9b5b3
1b8c8123
00ff4ab3
6f4ca583
017b9433
6f5cc683
008262b3
4713b613
006b9b33
5f4d2623
00146713
d30d1583
aaada293
0196e233
7dd8b493
00c0d013
6b81e193
1a54f293
019f03b3
fff60b13
f4fd2e23
d32d5903
1ec7c097
01726033
01046b33
402ad2b3
6fcc9383
d29d0d23
01bc45b3
000d49b3
0e4f1b83
c1cedb83
619c1623
011e7333
001ae333
b03e0023
014bc633
006c9b93
c0018897
604c2223
6e7c9c23
d29d0ea3
0f5f2223
0010c2b3
005975b3
0148dab3
01a90113
d3ae9083
d61c2e23
01ecd633
4000d193
37143a93
409183b3
00dac4b3
01976b33
d78c2083
00b6f4b3
6f2caa23
01a5b5b3
59ddc737
52ecc183
c0ce9c23
b69f8513
0549f093
d37d1d23
00063513
00363633
d35d4983
01ea4a33
0017a213
cf2eda03
01ce1613
0f5f0723
00a41733
0151b9b3
01789413
416bd7b3
0015bb33
00fd8033
4178dbb3
753fa193
d36d1f23
d5fe0623
8dcf6a93
968e2283
a24dd183
00d268b3
00c4d013
9cc98893
6e8d9303
4e808793
962e5103
70ce1003
d34d4203
40a38a33
31f9e993
0ecf5b03
331d83a3
a6fd6a37
4007c913
00e9b833
00cd16b3
f45c0293
c4ae9983
c59e8123
034f80a3
17222397
8dcee713
41a0d513
fd4c9183
01b8c1b3
337d9023
00044793
41ea5193
47af8683
d66fd183
01375b13
00a6f233
40d4db33
27be0f23
469f2023
466f1783
00b9b233
00085293
014079b3
009980b3
017a4833
16b14337
9e4c2a03
8004a713
40ec0533
407d5513
000f6193
005a25b3
00137a93
47cfa503
fdbc9b23
31ac1523
41985533
000b1193
8ecfd337
9e8c2423
0131e4b3
f8e33893
01805433
5558ea13
01348333
f9fd8da3
00251b33
cc5d2023
b7854537
7ff2c493
0152d313
00afcbb3
00d1d913
00b75433
008ef533
c02aeb13
f24ea883
00c1aa33
014b5633
99e32a93
d8ac1523
00b75113
e1e47913
01f3a8b3
8b7a8313
01de9913
9f1c0123
f94dc083
465f2223
7e970397
46ef4383
275e1d23
01705433
d81c1323
0007c333
f91d8f23
47af0623
00835ab3
01cb9833
013d6b33
00cb05b3
9e9e59b7
001cd513
00a437b3
309c0483
4b66e093
a23f9223
58f87793
001d9393
523cc083
d68d2003
1a2e0623
74af2823
ec3d8783
30cc5503
f82da823
800ac493
494d1603
f97dae23
4000f813
402c0833
79900493
30ec1723
01f5c133
5f5c0a83
77cd8283
001776b3
01a93a33
4d6cb0b7
01009193
d6ed0a83
008b7833
ec7d0883
502ed103
302c0b03
37b98593
00a29b33
7ff93213
4186d693
d69d1123
778da883
c44c7797
01a7cab3
928f8603
514d0403
d6ad1203
507d1f23
0016f693
d5aeb393
da7ee337
4b5b5817
00e514b3
b58da803
49bd0703
d28c0d23
018349b3
adff4593
40058313
3f4108b7
013ce0b3
b8cfd483
19cea683
06963613
8ceed583
439e7813
92ffc983
013739b3
40080013
003a5613
009d83b3
198e8a83
aacf9b83
f57d1523
dd702113
00b3c133
aadf2223
a7552613
7ff98693
346f1083
503d1c23
406c0633
4157db13
d64d0783
b84fd683
417856b3
004fb9b3
d7ed2423
f40d1503
aa5fc683
0006b433
18ae9923
abffa223
00cf7b33
aa0fa683
aa4f1083
008627b3
f42d2023
017f1bb3
aa4f2203
55522493
01894233
68637a37
000b6713
d66d5703
f4ed4403
00271b33
8ebd4b03
d0284b93
000fc2b3
00422733
e80d5903
194ea903
aa3fc503
00d49333
3a90c993
40148ab3
e99d0723
9a743113
01255133
210f2783
ab8bf813
00ad87b3
00dbf233
0a325637
acafdb03
011a7733
a79fb013
a6552593
abcfa023
eb6e9923
b8953413
ca7c8523
0afb3837
01f307b3
012e5433
00a539b3
4b3da423
4a2da623
00ecf2b3
0092d1b3
014099b3
de7ea423
9fcfa103
00d7a8b3
aaa7eb93
40fc07b3
23add903
00fb9633
0033d013
ebde8483
010a1293
eb7e9f23
0006ea13
017849b3
7b8d02a3
83dc2493
01a853b3
eabe8da3
4a0da103
0129a733
e81d0083
01ef57b3
00f865b3
407d57b3
ea3e9923
40efd613
00ed8633
01d80b33
012a1433
8408f997
7ff7e413
ae6dd203
414bda93
7a6d5803
73ec3093
97c4f693
742daa93
00650033
41cfd413
41828233
01d858b3
e84d5103
4acdd203
ebeeda03
95043b93
00db19b3
218b0b93
0140c233
00b221b3
1679c013
ae6d8503
004a9633
0042e4b3
4acddb03
00d43433
012308b3
260e1483
01c1f833
01132a33
b8deae23
70aa4593
019573b3
acc7d237
2a6f9b03
01e727b3
79de8523
8ebf9b37
1ffe9623
500e8003
aa9e8523
e82d1723
011a84b3
018d28b3
01c6a9b3
b64ca703
01d47ab3
8e0fd883
05ac0b23
01550533
0191c8b3
07489297
e96d2223
014f5813
012dd213
4058d293
013f1313
089d9123
b1e7c913
aa0ed503
791ea623
068fa603
4198dbb3
7dd66513
0104d813
00d44ab3
002d75b3
e8cd1303
010b7333
67b78213
00639733
6c7d4683
408d07b3
411d5693
577d8183
018568b3
fa366893
41380ab3
016149b3
0189a3b3
c2267713
40f901b3
05ac1683
0fff4183
0143f2b3
38bc2423
01a5d993
3b37b993
d6300a13
068fa303
06afa023
403eda33
01199413
d36b6413
811c2e23
017682b3
973d6b13
ce2d5003
0033cb33
fffc6713
a477cb37
01fb50b3
018f25b3
0f8f2483
881b0813
dcc8aa17
41f20bb3
811c4083
9ffc3617
001736b3
01c5f9b3
004d2833
616f4183
5d76b413
cb2a4b17
417bd0b3
015dd593
01275233
1a700213
05fc0fa3
00569593
395c2223
40ce1003
60ff2823
01574533
38cc2483
002239b3
00117333
3ab6d217
403b5733
00144733
d8974397
0126c3b3
4d8d1483
613f0003
9b1c9b23
616f1403
40a9d213
24a1b613
001c3533
d95c0923
01ac14b3
138e8923
00b4eb33
61ef1d23
40fe5b13
4088db13
55560313
21d446b7
009de6b3
291cc713
0100b6b3
80033093
9baca823
612f4683
f16e1003
9b7c9823
01e11733
3e9b8493
01d651b3
38bc4703
388c2383
737f6813
01fad5b3
0045f3b3
9bbc8483
00ccc1b3
006598b3
01ba9793
881d6b13
800ef913
01d401b3
d2a97217
4ced0f23
74378637
380c2a83
0078fb33
41545233
00240733
eb61a493
d91c0923
007e5493
bd4e2a83
9bcca583
00afd833
d99c1b23
dafc2823
385c0903
01bfcab3
f12e0103
e44e6793
c90ea683
4f8ca303
01ccc433
572c1823
098d1983
4008f813
00f7d593
667a0717
01d94833
5558b913
0004c293
00d17733
ae1dc183
3abc0403
00aaebb3
01ff49b3
bd390093
01e198b3
af8efb13
c8ae9b23
00977933
c98e8c23
00f381b3
09abc113
131f4a93
390f4583
00de9a13
00e86633
c91e8ba3
dc6e8e23
0141dab3
cc0e1823
00f45613
01fb0ab3
d9cc2383
01f47833
c79cc383
9c9dd517
404c5513
01b88633
00184693
00e4b0b3
7ffa7293
b34e2483
02e1b813
1a9fc993
560c0e23
c9ae8aa3
00b4e933
00285413
1a85f513
411580b3
40002313
01841113
dd7e8103
0122f433
40d25a13
cb0e9323
0047c9b3
0170d8b3
0006b8b3
385f1b23
cd2e1f23
01888733
01bab4b3
39ef0a03
56587293
1ae24b97
40e7d513
01d3d513
ddeed703
003edb33
001ff0b3
01aea5b3
4e0f2683
dd8ec883
01c438b3
00148893
39ef5883
4100d113
acefa023
39af1203
b8ac8283
530cd283
41ff5993
c92ea823
7c4f2303
019c1113
408680b3
012d31b3
72fd8823
01c75113
015437b3
4f2f2423
cbee9023
072d1103
01f81a33
aaada213
ba8ea603
01581133
01d11593
0098aab3
290da023
dbbd85a3
39af1c23
012e9333
c98ea503
002de733
40400b33
d1458517
7168a893
7d2f2623
feceaa03
bb7e9523
00107993
400cdab3
eebe0623
41458a33
c9cea883
006cb7b3
01f3aa33
01bce1b3
4f648493
0198d593
850d2883
41930033
40f93313
738dd303
c97ec283
1571e013
443af213
ba7e80a3
30e30413
1f4fca83
00583733
052c0413
7c8f0b03
7d8f2223
73cd8683
1b7fc203
de7d9d23
41aa0433
0103d113
dfbcc783
2175e193
bb3ea223
44ce8993
fdde0293
d9c42393
01029933
bafecb83
a49c8003
0127b833
b22dd803
a1be0da3
412e5193
7cff0623
01b55713
400db613
66861997
862efb13
028c0113
401450b3
00f3c8b3
3f768213
34d9b893
a45ea413
d85c2e23
ad2e8a23
7c7f4903
00c55113
0080f0b3
be4d1e23
4f63b517
00041593
864d9323
00f437b3
910cdbb7
4160d893
ac6e8ea3
bfdd0403
ecee2c23
ecac1a83
00fd5333
00efd893
aaa72b93
00f95a33
71f73393
01c8e7b3
60cd8313
d94c1f23
00d25213
011eb6b3
00352733
a0fe2e23
00ccc0b3
40dd5a33
7c2d4503
417fdb33
40a3d2b3
00137093
042d9b03
d97c2c23
40070713
7c8d2983
93cd0923
00aac133
55596393
4026d413
e41ea223
008c50b3
00fe7633
79ab9117
c76eaa23
c09d1f23
41440a33
4e0dc483
01eca233
013b3633
31ff0703
fff07893
5a333717
3b3fca83
3bcf9183
634d7193
69003113
4083d133
0191b633
7913c993
00e0c333
92cd1823
347ea223
73cd9323
006e79b3
e006b917
800bcb93
71422713
417f84b3
a1b63817
001a9613
ae43ca97
00ca5613
3b8fd003
a1ec01a3
c1ed5383
790fb593
3b3f9f23
013d0a33
009d5933
e48e8383
00094a13
9a24fa13
00ff72b3
3d7d4803
01e4b9b3
3bdf8ca3
5f6e5303
0172abb3
aaa23213
40f45793
35ae81a3
00ef41b3
c8fe1f23
013b4bb3
41d98533
aafe7b13
013a2ab3
8ec37793
a00c0403
0dfa7613
341e8103
01c294b3
c9d78213
056f5983
004efab3
01179313
433919b7
355e9023
050f2823
c19d4483
720e3537
da9f2c23
003a4633
00fa78b3
00366933
854c8503
9aef2193
c06d0e23
41e1d3b3
358e9723
5f0e4503
41c551b3
008f74b3
5fee1683
3bdfca03
587eaa23
34eec283
b42e5003
59fe9a23
a6813b13
435c9623
00f323b3
0025d1b3
00368133
00061133
405a5113
242b4693
015d5633
c00faa83
55544893
400da903
01a1c533
592e9003
405cd033
0177cb33
45bf6013
405d5a13
0103cbb3
40a08333
01cc7833
0169e033
fdb9bb13
5f5f4a03
01963b33
a73c8203
5fde0003
968d2823
314c6bb7
7acd0fa3
01d89633
415d9623
ad046193
216e9603
0016b1b3
007bb733
27ae2a37
c17c1823
711a33b7
400d8813
40910433
01d76493
00569713
610c2903
00355733
417b0133
348ec683
008a13b3
5fce1923
0176d8b3
a79c8aa3
65f56513
ab1e0103
001c7313
0003d833
168dea13
b98e5483
9dcd2083
00750b33
01fff9b3
00b45913
0b5d8223
c4a96393
10bc86a3
069f4417
000dc913
3f4e1623
9c62f0b7
00416733
0003b5b3
a8aceb37
5fbe0403
00992ab3
b89e1f23
019059b3
010395b3
b80e2c23
01e95613
788ec083
00109193
00801bb3
0119d213
312c5083
00add013
0041b7b3
e1edaa23
41a456b3
001759b3
408adb93
002b99b3
fb6e0a03
016f44b3
15689117
460c2303
4093d493
405581b3
78ae9583
f14cd603
00992833
000ea193
be6d8103
00fdb133
e9250613
352faa23
41f455b3
7ffe8513
41055633
0000c0b3
00241533
016058b3
01020033
92494593
416b5993
41e95613
70f5c893
5ffe1b23
2f4dcb03
018241b3
41198ab3
b9ce1923
41a65213
24cd0b23
40f150b3
00b0d4b3
67af8783
41530bb3
1f7f8da3
78eed103
f1ccdb03
78cea623
e90d8823
0141a533
157c0ba3
fbff2823
40efd113
6d700093
00961193
787e9623
01aa5bb3
22578813
90efc003
00c05233
2a6166b7
e3ae1523
788ea303
a0bc9923
780ec603
01fe6433
003d9693
787eca83
000d6193
aaa5b193
00ce1213
795ea023
9b7ea593
15cc2983
009d9633
738f2b13
013edb13
55538813
780e9623
0060d913
7f752293
e99d9f23
008cbbb3
40093013
01b777b3
fb6caa23
faec9f23
ecd0b393
e65c4983
004f8ab3
9236ea93
d37ec703
0015e9b3
320f9623
be15e093
4151dab3
7309f193
00025093
4edd86a3
415608b3
211f9123
018c9093
faccae23
01f3b633
e79c2623
00f2bbb3
011ed133
fa2c88a3
003d3ab3
40ddd293
c90e0803
01b929b3
d38e9003
01ce7933
011189b3
014ba4b3
789ea423
c9ee5083
d7ac5183
60cc1903
0005e013
206d9703
017ed1b3
001c6713
666c1483
01da1013
00e9f033
4155d8b3
d2de9923
0151d633
416c5a93
d3de89a3
000ac893
419d59b3
d38e8b03
7339f2b7
001f69b3
005d55b3
7edd9d23
00905113
000a3993
555ba513
a45b0bb7
d33eac23
555a3793
c09c2c23
5554e013
0049c033
69777293
001f1913
e4458913
018d9913
400c5613
d38e9803
5c1c0483
d3de8203
c59d8a93
00218233
9d6f1c23
6f7a8a13
7f4d8703
402ad733
4086d133
c9dc6413
06bb7537
2f4da003
22850393
92248637
d6ac1d23
c11c4703
66bc05a3
007498b3
001b4893
00b2d433
66ac1323
4105d033
c00c1f23
07f0b217
015e5933
c10c4503
e04a6493
088c4203
40bd5233
0042c633
002f4433
01ee8a83
8d5ea423
5c1c1523
aaa9f313
75ff01a3
7f3d8903
555f6b13
678daa83
20ada223
00dc1793
00e0b8b3
00f590b3
008ca033
001d94b3
0003e933
c14c1923
00d4f833
2acc2423
a6e808b7
0015cab3
0ecf9703
007649b3
017bf633
2bc5a297
c1ec1b83
0cee1623
00a76033
80070493
eb6c5897
7e2d8fa3
2adc1223
01125293
0e978237
0166c033
cd094413
00f2aab3
40495233
c08c1b23
51bd2423
3b1c4593
4021db33
8f4e5783
016fb8b3
01ef4033
00ac6433
01f3e533
412f0633
113e0903
4e036193
d123f693
0f9f8323
c1fc4703
00cce9b3
cb4fda03
800bc813
01e67033
6ae6eb37
00d4d633
0151c3b3
e97d0903
c1cc2083
01e36a33
01074433
018c6133
010d01b3
010f05b3
29242b97
c1cc08a3
d37e0323
80067a13
7ffdb393
01eb14b3
760d2023
00108093
7fdd8403
5f540793
555f7a13
4c5f9023
80028893
ad212593
01a70033
88b4cb13
00735633
d77e85a3
e90d2683
f27e0883
acff0713
cb8f9083
0186b9b3
e6ae2023
134d1c23
7ff4e293
779d2623
fc906693
2e0d2703
40af1583
00ed5493
41d8eb37
d63ec003
760d03a3
768d5183
aaa9e793
010b0233
453e8b83
ca5f9d23
a9cdc603
410580b3
a8ed9f23
8dfd0c23
417ed813
8e94a193
001caa13
01634833
40ecd793
417e5813
0156b3b3
f23e4083
fdcfa613
a66d0503
7ffba993
76ad1483
c82fd703
3f7aba93
0137b7b3
6c3d1f23
a6bd1323
8c2d0e23
8480e193
a93daa23
a42d1723
762d0903
2475cb93
454ec383
001028b3
016a9533
01d96333
48f9bb93
0134c1b3
76fd4583
00163093
6732e313
405dd9b3
41c88433
55554b93
8d3d1823
28eb93b7
eb3c1e23
bb6f9503
01544233
f60fa423
f3be1323
63e37237
0017b2b3
144ec603
011a21b3
c8bf8223
a44d2603
4838d6b7
010cf733
00f5f233
87ae6897
412cda13
a6dd2423
019524b3
006a1393
01fe6733
012b5833
770d1623
cdd8a217
ae4d4497
0052e933
760d1903
a87daa23
006fa3b3
00289913
00ad9a13
00d4c133
0115d793
1a730113
caa78213
019653b3
e13f9f23
00f449b3
00be48b3
0008e593
cfcfb493
4191db13
c5cb0113
f06e0ea3
53ce4403
00144413
8a8c84b7
8462b313
ac4f2a23
a93dca83
01fa35b3
003a07b3
f69fc183
766d01a3
80072093
f61f8303
00e24a33
41b5e697
0009a013
0022c433
01e67733
a4fd0003
416e5633
0bbeab13
a49d02a3
415fd833
641c0723
c1cd5303
a44d2483
facfae23
800fb113
ad4f0303
80074393
41a759b3
a48d5b03
41295713
01c1f0b3
002da633
f64fa423
95eda023
002361b3
c16d1f23
ac5f1923
fdcc8c23
1b8da083
2f3d0c23
1b6d9c23
019506b3
fba63b13
fffb3b13
654c1623
018308b3
40d951b3
017be933
0c61fa93
010ec333
00965413
6ecc2a03
1b0da383
00d0f033
431f1923
6e5c2223
437f1b23
97d94493
41e6d5b3
001939b3
bb6d9403
c0cd0ca3
0007aa13
0028d7b3
acafd103
6e4c0123
fdec9a03
c1ad5603
a0f3f617
41195733
1412a413
0010e293
ac8f9583
1a234797
a02df213
00133b93
0079e0b3
00fda9b3
01202333
dfef8883
a941a393
814c4a83
e90f1b83
01fc37b3
e94f1b83
400e6393
00886ab3
555df493
2abea223
d7ce1723
507db313
6d262b37
001b5a13
80023293
a564cb93
4117d3b3
0001b2b3
ec8bf417
01916633
a16e5303
0041a6b3
80cc2e23
015702b3
c10d2003
704f5083
008e3533
4ccc2b03
817c4983
fff36393
015fb6b3
e06d5283
7f413813
d5af8703
36cd0483
800db213
e98f5a83
2aeecb03
40208933
85233593
007b8bb3
412f5893
784d89a3
e91f0783
2a6ec003
faac4583
233f8093
003dc133
444d0423
00a17033
eadeb113
41e983b3
00d0b9b3
368d1483
386e0703
555fa113
d4ff9d23
01c92033
380e2183
01f81933
01f9b633
0040e733
446d5783
008c34b3
00ab7033
ccdd02a3
f7220693
01bb6233
94f0b1b7
53ee8b03
94c599b7
28728b13
019c3433
a36e9103
dc8c07a3
01d3a0b3
0acc1403
a41de213
38fe2023
07af0583
00f496b3
014162b3
418bd6b3
005e2833
00ab76b3
aedc0b23
01bfb633
2b4c5583
005fc133
01b1db33
005ada13
5a69c537
472d8323
4072d513
46bd8483
41ce0633
46bda423
01c90033
39de2023
01bb78b3
e926f793
a6ace393
46cdd303
001b4913
40d5d313
40fd8133
00d744b3
aaa1ca13
414f09b3
8196e113
440d4303
468dc383
380e2183
409bda93
009928b3
f5ac1383
4a7f2b17
97ec1c23
b7f00997
00cb78b3
00c3c5b3
0077e2b3
a62c1a23
003aeb33
01cf6b33
a8590613
aaa96513
a78c1e23
aaa9b093
384e2b83
85fc9823
d92fe597
55516713
1d5d0723
7ffba613
7ff54713
40c489b3
41ca0533
00131433
d0133513
01080233
129f9223
388e2403
38ce1a83
4ebeb693
466d82a3
004de0b3
05b50313
5a0cd983
400f3093
005cabb3
00083193
0a34e813
c62c4813
47bd9623
40a80733
441d03a3
1cbd0523
417008b3
6f4f1723
48ecb193
46ed9223
6f7fa423
00831a33
01eb14b3
6d2e5883
41780233
003a2233
389e4b83
63494413
01762333
008777b3
d38cd783
40c7dbb3
61ee1783
382e0483
462dd803
46cda483
5a7c8223
460dd103
4078db13
38ee4783
eedf1b23
47dd80a3
46edd883
417a5b13
005da423
00b0a213
708f9303
555e8313
82766537
419f03b3
41915213
01e85b33
471d8123
00051493
416689b3
00223133
8f0f1097
8105d297
42dd8617
46dd8423
47bd8023
0deea823
4030d4b3
460d8503
de3e1a23
470d9723
deee2823
013c8223
419dd9b3
921c0993
cb0dd183
460da683
0071a033
f67c2223
736d5683
17ec8403
7c8fab13
7ffeba93
0182a233
62613413
410fd513
ea7e1f23
409c02b3
f03e9a23
b6af0423
468d9783
c783a737
9387c893
df2e0903
5a6ed383
00898133
555d8a93
574e2903
01286533
00956033
167cac23
86cf0a93
760e1503
01455633
40868533
a08c1623
aaa9b293
41a98433
c5bcb113
ebae4803
551d03b7
46ed8783
01d277b3
01d80033
555d3113
00de3133
2e5c8393
41e88733
00d21a13
a0ec5803
400bc213
fedd2a23
0153b6b3
91cc5583
0096e033
55560093
d14e4883
100ea883
00660a33
800de793
6faf1b83
011517b3
a1dc2023
0045c7b3
00d57a33
00050613
c2ef5703
01d91a93
e10d5303
766e5883
921c8893
014f5833
166c9e23
000f5813
c2cf4203
ea10a513
41985b33
18662413
f24fc503
eb3e0083
ec882613
ebee1f23
7ffd8313
018c6033
0043a633
eaee0da3
4cc7c093
576ad837
4d1d2a23
a06c4903
159b4613
fbddc503
01c9ba33
33fc2423
a2d58613
415953b3
ea3e2a23
165c89a3
17acd083
d20cea93
000d2093
40a6d293
e10f9723
d70d9a23
41e15433
0030e433
192c9623
01b008b3
ee706193
a0ec5803
e0efd003
9d0d0c23
41ea5613
fff58593
4089d933
eafe0b23
01c81213
a38ca423
176c8803
e01f8183
019bc133
e02fd883
01a64533
01cfdb33
01d497b3
013a5333
99be9c23
005196b3
400eab93
eb8e4803
59c62413
d4fe2223
e07fa223
e04f9883
00f9a9b3
e1cf9523
01e61793
00f5a5b3
001f7093
e1cf9723
9cad1823
4006d9b3
00a74733
e0ef87a3
004a3b33
01f10a33
006f9993
40b4d633
a20ca303
400ca113
55523193
008636b3
253e2023
0fde9023
3dbc8283
40475ab3
1f4c2e23
848f5a83
a2ecc203
0e9ea023
00a49313
00e8c5b3
413ad593
763e8aa3
0177c733
415fd513
4159c693
08fca093
00e2e933
a30ca423
772e8583
1e4c1823
011953b3
a6c02a13
6d0f5b83
41a10633
41c08133
3dcda823
00e2b433
00d75bb3
1f0c1583
0faea623
0f3e8323
010302b3
41e5d0b3
01f3a733
00b1a7b3
4142d993
019ad893
0076e733
a27c8523
0070d713
00fe87b3
006b35b3
0009c613
016c87b3
99648593
0176a333
ad6e1403
013e83b3
a2ac80a3
0186ea33
00bb6833
8e6e3393
fffcf493
00531b33
00861713
015f5b93
003325b3
40f45833
00c2fa33
019cf0b3
0169a6b3
40cbd693
002aa033
ffffc513
005b97b3
0124f233
97953413
ea2f2823
0754c613
c2ee1523
011715b3
800da993
fff4f813
97217593
f14cca93
004d1013
406fdb33
b3257513
a90caa03
ae5b7317
555fca93
00045a93
0089b733
004c5ab3
001a7793
16ceda83
34d3c413
5b38c313
1b69e493
409c8033
c26e1803
738f2503
0047a933
72ef2823
0125f433
a3ec8423
0154d3b3
0e0e8283
eb2f0183
d95ef1b7
79bf0583
f8ee1303
adde0f23
9afc8283
7ff64b13
ad5e1f23
5387f093
e31ec783
00a0abb3
41aed4b3
01c2d7b3
731f0f23
6fb44797
ac7e0b23
730f0a83
adae1823
01011093
00144093
009935b3
133e1823
014a5393
d42f5783
1b7a6397
00452033
ed7fc103
33cd0e23
eb2f0783
00a75113
330d0983
4025d113
41f55b33
74cbb293
eb2f5103
015017b3
01d50833
aaa87b93
016c0033
0080c033
98fd1323
00f9e9b3
e724a393
00fac733
7b8d2983
c888bb13
adee09a3
26663293
7ffef813
00d1b7b3
e17f4a13
00f94233
fe0f9b23
aaac0a93
01810433
3cb93893
13ae1603
011f5813
494fb993
dbcc1b23
012bd533
178e5703
555ce913
732f4a03
fffe2493
004f9133
00aa3ab3
4c72d0b7
85df2423
edbfa823
196e8623
00efaab3
01c5bab3
01e4e533
2068e913
00d41833
55584513
84df2623
ec5fae23
3f2e1583
40f55933
183ec283
122e0fa3
007995b3
10019fb7
800f8f93
800fa083
804fa083
810fa083
814fa083
820fa083
824fa083
830fa083
834fa083
840fa083
844fa083
850fa083
854fa083
860fa083
864fa083
870fa083
874fa083
880fa083
884fa083
890fa083
894fa083
8a0fa083
8a4fa083
8b0fa083
8b4fa083
8c0fa083
8c4fa083
8d0fa083
8d4fa083
8e0fa083
8e4fa083
8f0fa083
8f4fa083
900fa083
904fa083
910fa083
914fa083
920fa083
924fa083
930fa083
934fa083
940fa083
944fa083
950fa083
954fa083
960fa083
964fa083
970fa083
974fa083
980fa083
984fa083
990fa083
994fa083
9a0fa083
9a4fa083
9b0fa083
9b4fa083
9c0fa083
9c4fa083
9d0fa083
9d4fa083
9e0fa083
9e4fa083
9f0fa083
9f4fa083
a00fa083
a04fa083
a10fa083
a14fa083
a20fa083
a24fa083
a30fa083
a34fa083
a40fa083
a44fa083
a50fa083
a54fa083
a60fa083
a64fa083
a70fa083
a74fa083
a80fa083
a84fa083
a90fa083
a94fa083
aa0fa083
aa4fa083
ab0fa083
ab4fa083
ac0fa083
ac4fa083
ad0fa083
ad4fa083
ae0fa083
ae4fa083
af0fa083
af4fa083
b00fa083
b04fa083
b10fa083
b14fa083
b20fa083
b24fa083
b30fa083
b34fa083
b40fa083
b44fa083
b50fa083
b54fa083
b60fa083
b64fa083
b70fa083
b74fa083
b80fa083
b84fa083
b90fa083
b94fa083
ba0fa083
ba4fa083
bb0fa083
bb4fa083
bc0fa083
bc4fa083
bd0fa083
bd4fa083
be0fa083
be4fa083
bf0fa083
bf4fa083
c00fa083
c04fa083
c10fa083
c14fa083
c20fa083
c24fa083
c30fa083
c34fa083
c40fa083
c44fa083
c50fa083
c54fa083
c60fa083
c64fa083
c70fa083
c74fa083
c80fa083
c84fa083
c90fa083
c94fa083
ca0fa083
ca4fa083
cb0fa083
cb4fa083
cc0fa083
cc4fa083
cd0fa083
cd4fa083
ce0fa083
ce4fa083
cf0fa083
cf4fa083
d00fa083
d04fa083
d10fa083
d14fa083
d20fa083
d24fa083
d30fa083
d34fa083
d40fa083
d44fa083
d50fa083
d54fa083
d60fa083
d64fa083
d70fa083
d74fa083
d80fa083
d84fa083
d90fa083
d94fa083
da0fa083
da4fa083
db0fa083
db4fa083
dc0fa083
dc4fa083
dd0fa083
dd4fa083
de0fa083
de4fa083
df0fa083
df4fa083
e00fa083
e04fa083
e10fa083
e14fa083
e20fa083
e24fa083
e30fa083
e34fa083
e40fa083
e44fa083
e50fa083
e54fa083
e60fa083
e64fa083
e70fa083
e74fa083
e80fa083
e84fa083
e90fa083
e94fa083
ea0fa083
ea4fa083
eb0fa083
eb4fa083
ec0fa083
ec4fa083
ed0fa083
ed4fa083
ee0fa083
ee4fa083
ef0fa083
ef4fa083
f00fa083
f04fa083
f10fa083
f14fa083
f20fa083
f24fa083
f30fa083
f34fa083
f40fa083
f44fa083
f50fa083
f54fa083
f60fa083
f64fa083
f70fa083
f74fa083
f80fa083
f84fa083
f90fa083
f94fa083
fa0fa083
fa4fa083
fb0fa083
fb4fa083
fc0fa083
fc4fa083
fd0fa083
fd4fa083
fe0fa083
fe4fa083
ff0fa083
ff4fa083
000fa083
004fa083
010fa083
014fa083
020fa083
024fa083
030fa083
034fa083
040fa083
044fa083
050fa083
054fa083
060fa083
064fa083
070fa083
074fa083
080fa083
084fa083
090fa083
094fa083
0a0fa083
0a4fa083
0b0fa083
0b4fa083
0c0fa083
0c4fa083
0d0fa083
0d4fa083
0e0fa083
0e4fa083
0f0fa083
0f4fa083
100fa083
104fa083
110fa083
114fa083
120fa083
124fa083
130fa083
134fa083
140fa083
144fa083
150fa083
154fa083
160fa083
164fa083
170fa083
174fa083
180fa083
184fa083
190fa083
194fa083
1a0fa083
1a4fa083
1b0fa083
1b4fa083
1c0fa083
1c4fa083
1d0fa083
1d4fa083
1e0fa083
1e4fa083
1f0fa083
1f4fa083
200fa083
204fa083
210fa083
214fa083
220fa083
224fa083
230fa083
234fa083
240fa083
244fa083
250fa083
254fa083
260fa083
264fa083
270fa083
274fa083
280fa083
284fa083
290fa083
294fa083
2a0fa083
2a4fa083
2b0fa083
2b4fa083
2c0fa083
2c4fa083
2d0fa083
2d4fa083
2e0fa083
2e4fa083
2f0fa083
2f4fa083
300fa083
304fa083
310fa083
314fa083
320fa083
324fa083
330fa083
334fa083
340fa083
344fa083
350fa083
354fa083
360fa083
364fa083
370fa083
374fa083
380fa083
384fa083
390fa083
394fa083
3a0fa083
3a4fa083
3b0fa083
3b4fa083
3c0fa083
3c4fa083
3d0fa083
3d4fa083
3e0fa083
3e4fa083
3f0fa083
3f4fa083
400fa083
404fa083
410fa083
414fa083
420fa083
424fa083
430fa083
434fa083
440fa083
444fa083
450fa083
454fa083
460fa083
464fa083
470fa083
474fa083
480fa083
484fa083
490fa083
494fa083
4a0fa083
4a4fa083
4b0fa083
4b4fa083
4c0fa083
4c4fa083
4d0fa083
4d4fa083
4e0fa083
4e4fa083
4f0fa083
4f4fa083
500fa083
504fa083
510fa083
514fa083
520fa083
524fa083
530fa083
534fa083
540fa083
544fa083
550fa083
554fa083
560fa083
564fa083
570fa083
574fa083
580fa083
584fa083
590fa083
594fa083
5a0fa083
5a4fa083
5b0fa083
5b4fa083
5c0fa083
5c4fa083
5d0fa083
5d4fa083
5e0fa083
5e4fa083
5f0fa083
5f4fa083
600fa083
604fa083
610fa083
614fa083
620fa083
624fa083
630fa083
634fa083
640fa083
644fa083
650fa083
654fa083
660fa083
664fa083
670fa083
674fa083
680fa083
684fa083
690fa083
694fa083
6a0fa083
6a4fa083
6b0fa083
6b4fa083
6c0fa083
6c4fa083
6d0fa083
6d4fa083
6e0fa083
6e4fa083
6f0fa083
6f4fa083
700fa083
704fa083
710fa083
714fa083
720fa083
724fa083
730fa083
734fa083
740fa083
744fa083
750fa083
754fa083
760fa083
764fa083
770fa083
774fa083
780fa083
784fa083
790fa083
794fa083
7a0fa083
7a4fa083
7b0fa083
7b4fa083
7c0fa083
7c4fa083
7d0fa083
7d4fa083
7e0fa083
7e4fa083
7f0fa083
7f4fa083
1001afb7
800f8f93
800fa083
804fa083
810fa083
814fa083
820fa083
824fa083
830fa083
834fa083
840fa083
844fa083
850fa083
854fa083
860fa083
864fa083
870fa083
874fa083
880fa083
884fa083
890fa083
894fa083
8a0fa083
8a4fa083
8b0fa083
8b4fa083
8c0fa083
8c4fa083
8d0fa083
8d4fa083
8e0fa083
8e4fa083
8f0fa083
8f4fa083
900fa083
904fa083
910fa083
914fa083
920fa083
924fa083
930fa083
934fa083
940fa083
944fa083
950fa083
954fa083
960fa083
964fa083
970fa083
974fa083
980fa083
984fa083
990fa083
994fa083
9a0fa083
9a4fa083
9b0fa083
9b4fa083
9c0fa083
9c4fa083
9d0fa083
9d4fa083
9e0fa083
9e4fa083
9f0fa083
9f4fa083
a00fa083
a04fa083
a10fa083
a14fa083
a20fa083
a24fa083
a30fa083
a34fa083
a40fa083
a44fa083
a50fa083
a54fa083
a60fa083
a64fa083
a70fa083
a74fa083
a80fa083
a84fa083
a90fa083
a94fa083
aa0fa083
aa4fa083
ab0fa083
ab4fa083
ac0fa083
ac4fa083
ad0fa083
ad4fa083
ae0fa083
ae4fa083
af0fa083
af4fa083
b00fa083
b04fa083
b10fa083
b14fa083
b20fa083
b24fa083
b30fa083
b34fa083
b40fa083
b44fa083
b50fa083
b54fa083
b60fa083
b64fa083
b70fa083
b74fa083
b80fa083
b84fa083
b90fa083
b94fa083
ba0fa083
ba4fa083
bb0fa083
bb4fa083
bc0fa083
bc4fa083
bd0fa083
bd4fa083
be0fa083
be4fa083
bf0fa083
bf4fa083
c00fa083
c04fa083
c10fa083
c14fa083
c20fa083
c24fa083
c30fa083
c34fa083
c40fa083
c44fa083
c50fa083
c54fa083
c60fa083
c64fa083
c70fa083
c74fa083
c80fa083
c84fa083
c90fa083
c94fa083
ca0fa083
ca4fa083
cb0fa083
cb4fa083
cc0fa083
cc4fa083
cd0fa083
cd4fa083
ce0fa083
ce4fa083
cf0fa083
cf4fa083
d00fa083
d04fa083
d10fa083
d14fa083
d20fa083
d24fa083
d30fa083
d34fa083
d40fa083
d44fa083
d50fa083
d54fa083
d60fa083
d64fa083
d70fa083
d74fa083
d80fa083
d84fa083
d90fa083
d94fa083
da0fa083
da4fa083
db0fa083
db4fa083
dc0fa083
dc4fa083
dd0fa083
dd4fa083
de0fa083
de4fa083
df0fa083
df4fa083
e00fa083
e04fa083
e10fa083
e14fa083
e20fa083
e24fa083
e30fa083
e34fa083
e40fa083
e44fa083
e50fa083
e54fa083
e60fa083
e64fa083
e70fa083
e74fa083
e80fa083
e84fa083
e90fa083
e94fa083
ea0fa083
ea4fa083
eb0fa083
eb4fa083
ec0fa083
ec4fa083
ed0fa083
ed4fa083
ee0fa083
ee4fa083
ef0fa083
ef4fa083
f00fa083
f04fa083
f10fa083
f14fa083
f20fa083
f24fa083
f30fa083
f34fa083
f40fa083
f44fa083
f50fa083
f54fa083
f60fa083
f64fa083
f70fa083
f74fa083
f80fa083
f84fa083
f90fa083
f94fa083
fa0fa083
fa4fa083
fb0fa083
fb4fa083
fc0fa083
fc4fa083
fd0fa083
fd4fa083
fe0fa083
fe4fa083
ff0fa083
ff4fa083
000fa083
004fa083
010fa083
014fa083
020fa083
024fa083
030fa083
034fa083
040fa083
044fa083
050fa083
054fa083
060fa083
064fa083
070fa083
074fa083
080fa083
084fa083
090fa083
094fa083
0a0fa083
0a4fa083
0b0fa083
0b4fa083
0c0fa083
0c4fa083
0d0fa083
0d4fa083
0e0fa083
0e4fa083
0f0fa083
0f4fa083
100fa083
104fa083
110fa083
114fa083
120fa083
124fa083
130fa083
134fa083
140fa083
144fa083
150fa083
154fa083
160fa083
164fa083
170fa083
174fa083
180fa083
184fa083
190fa083
194fa083
1a0fa083
1a4fa083
1b0fa083
1b4fa083
1c0fa083
1c4fa083
1d0fa083
1d4fa083
1e0fa083
1e4fa083
1f0fa083
1f4fa083
200fa083
204fa083
210fa083
214fa083
220fa083
224fa083
230fa083
234fa083
240fa083
244fa083
250fa083
254fa083
260fa083
264fa083
270fa083
274fa083
280fa083
284fa083
290fa083
294fa083
2a0fa083
2a4fa083
2b0fa083
2b4fa083
2c0fa083
2c4fa083
2d0fa083
2d4fa083
2e0fa083
2e4fa083
2f0fa083
2f4fa083
300fa083
304fa083
310fa083
314fa083
320fa083
324fa083
330fa083
334fa083
340fa083
344fa083
350fa083
354fa083
360fa083
364fa083
370fa083
374fa083
380fa083
384fa083
390fa083
394fa083
3a0fa083
3a4fa083
3b0fa083
3b4fa083
3c0fa083
3c4fa083
3d0fa083
3d4fa083
3e0fa083
3e4fa083
3f0fa083
3f4fa083
400fa083
404fa083
410fa083
414fa083
420fa083
424fa083
430fa083
434fa083
440fa083
444fa083
450fa083
454fa083
460fa083
464fa083
470fa083
474fa083
480fa083
484fa083
490fa083
494fa083
4a0fa083
4a4fa083
4b0fa083
4b4fa083
4c0fa083
4c4fa083
4d0fa083
4d4fa083
4e0fa083
4e4fa083
4f0fa083
4f4fa083
500fa083
504fa083
510fa083
514fa083
520fa083
524fa083
530fa083
534fa083
540fa083
544fa083
550fa083
554fa083
560fa083
564fa083
570fa083
574fa083
580fa083
584fa083
590fa083
594fa083
5a0fa083
5a4fa083
5b0fa083
5b4fa083
5c0fa083
5c4fa083
5d0fa083
5d4fa083
5e0fa083
5e4fa083
5f0fa083
5f4fa083
600fa083
604fa083
610fa083
614fa083
620fa083
624fa083
630fa083
634fa083
640fa083
644fa083
650fa083
654fa083
660fa083
664fa083
670fa083
674fa083
680fa083
684fa083
690fa083
694fa083
6a0fa083
6a4fa083
6b0fa083
6b4fa083
6c0fa083
6c4fa083
6d0fa083
6d4fa083
6e0fa083
6e4fa083
6f0fa083
6f4fa083
700fa083
704fa083
710fa083
714fa083
720fa083
724fa083
730fa083
734fa083
740fa083
744fa083
750fa083
754fa083
760fa083
764fa083
770fa083
774fa083
780fa083
784fa083
790fa083
794fa083
7a0fa083
7a4fa083
7b0fa083
7b4fa083
7c0fa083
7c4fa083
7d0fa083
7d4fa083
7e0fa083
7e4fa083
7f0fa083
7f4fa083
1001bfb7
800f8f93
800fa083
804fa083
810fa083
814fa083
820fa083
824fa083
830fa083
834fa083
840fa083
844fa083
850fa083
854fa083
860fa083
864fa083
870fa083
874fa083
880fa083
884fa083
890fa083
894fa083
8a0fa083
8a4fa083
8b0fa083
8b4fa083
8c0fa083
8c4fa083
8d0fa083
8d4fa083
8e0fa083
8e4fa083
8f0fa083
8f4fa083
900fa083
904fa083
910fa083
914fa083
920fa083
924fa083
930fa083
934fa083
940fa083
944fa083
950fa083
954fa083
960fa083
964fa083
970fa083
974fa083
980fa083
984fa083
990fa083
994fa083
9a0fa083
9a4fa083
9b0fa083
9b4fa083
9c0fa083
9c4fa083
9d0fa083
9d4fa083
9e0fa083
9e4fa083
9f0fa083
9f4fa083
a00fa083
a04fa083
a10fa083
a14fa083
a20fa083
a24fa083
a30fa083
a34fa083
a40fa083
a44fa083
a50fa083
a54fa083
a60fa083
a64fa083
a70fa083
a74fa083
a80fa083
a84fa083
a90fa083
a94fa083
aa0fa083
aa4fa083
ab0fa083
ab4fa083
ac0fa083
ac4fa083
ad0fa083
ad4fa083
ae0fa083
ae4fa083
af0fa083
af4fa083
b00fa083
b04fa083
b10fa083
b14fa083
b20fa083
b24fa083
b30fa083
b34fa083
b40fa083
b44fa083
b50fa083
b54fa083
b60fa083
b64fa083
b70fa083
b74fa083
b80fa083
b84fa083
b90fa083
b94fa083
ba0fa083
ba4fa083
bb0fa083
bb4fa083
bc0fa083
bc4fa083
bd0fa083
bd4fa083
be0fa083
be4fa083
bf0fa083
bf4fa083
c00fa083
c04fa083
c10fa083
c14fa083
c20fa083
c24fa083
c30fa083
c34fa083
c40fa083
c44fa083
c50fa083
c54fa083
c60fa083
c64fa083
c70fa083
c74fa083
c80fa083
c84fa083
c90fa083
c94fa083
ca0fa083
ca4fa083
cb0fa083
cb4fa083
cc0fa083
cc4fa083
cd0fa083
cd4fa083
ce0fa083
ce4fa083
cf0fa083
cf4fa083
d00fa083
d04fa083
d10fa083
d14fa083
d20fa083
d24fa083
d30fa083
d34fa083
d40fa083
d44fa083
d50fa083
d54fa083
d60fa083
d64fa083
d70fa083
d74fa083
d80fa083
d84fa083
d90fa083
d94fa083
da0fa083
da4fa083
db0fa083
db4fa083
dc0fa083
dc4fa083
dd0fa083
dd4fa083
de0fa083
de4fa083
df0fa083
df4fa083
e00fa083
e04fa083
e10fa083
e14fa083
e20fa083
e24fa083
e30fa083
e34fa083
e40fa083
e44fa083
e50fa083
e54fa083
e60fa083
e64fa083
e70fa083
e74fa083
e80fa083
e84fa083
e90fa083
e94fa083
ea0fa083
ea4fa083
eb0fa083
eb4fa083
ec0fa083
ec4fa083
ed0fa083
ed4fa083
ee0fa083
ee4fa083
ef0fa083
ef4fa083
f00fa083
f04fa083
f10fa083
f14fa083
f20fa083
f24fa083
f30fa083
f34fa083
f40fa083
f44fa083
f50fa083
f54fa083
f60fa083
f64fa083
f70fa083
f74fa083
f80fa083
f84fa083
f90fa083
f94fa083
fa0fa083
fa4fa083
fb0fa083
fb4fa083
fc0fa083
fc4fa083
fd0fa083
fd4fa083
fe0fa083
fe4fa083
ff0fa083
ff4fa083
000fa083
004fa083
010fa083
014fa083
020fa083
024fa083
030fa083
034fa083
040fa083
044fa083
050fa083
054fa083
060fa083
064fa083
070fa083
074fa083
080fa083
084fa083
090fa083
094fa083
0a0fa083
0a4fa083
0b0fa083
0b4fa083
0c0fa083
0c4fa083
0d0fa083
0d4fa083
0e0fa083
0e4fa083
0f0fa083
0f4fa083
100fa083
104fa083
110fa083
114fa083
120fa083
124fa083
130fa083
134fa083
140fa083
144fa083
150fa083
154fa083
160fa083
164fa083
170fa083
174fa083
180fa083
184fa083
190fa083
194fa083
1a0fa083
1a4fa083
1b0fa083
1b4fa083
1c0fa083
1c4fa083
1d0fa083
1d4fa083
1e0fa083
1e4fa083
1f0fa083
1f4fa083
200fa083
204fa083
210fa083
214fa083
220fa083
224fa083
230fa083
234fa083
240fa083
244fa083
250fa083
254fa083
260fa083
264fa083
270fa083
274fa083
280fa083
284fa083
290fa083
294fa083
2a0fa083
2a4fa083
2b0fa083
2b4fa083
2c0fa083
2c4fa083
2d0fa083
2d4fa083
2e0fa083
2e4fa083
2f0fa083
2f4fa083
300fa083
304fa083
310fa083
314fa083
320fa083
324fa083
330fa083
334fa083
340fa083
344fa083
350fa083
354fa083
360fa083
364fa083
370fa083
374fa083
380fa083
384fa083
390fa083
394fa083
3a0fa083
3a4fa083
3b0fa083
3b4fa083
3c0fa083
3c4fa083
3d0fa083
3d4fa083
3e0fa083
3e4fa083
3f0fa083
3f4fa083
400fa083
404fa083
410fa083
414fa083
420fa083
424fa083
430fa083
434fa083
440fa083
444fa083
450fa083
454fa083
460fa083
464fa083
470fa083
474fa083
480fa083
484fa083
490fa083
494fa083
4a0fa083
4a4fa083
4b0fa083
4b4fa083
4c0fa083
4c4fa083
4d0fa083
4d4fa083
4e0fa083
4e4fa083
4f0fa083
4f4fa083
500fa083
504fa083
510fa083
514fa083
520fa083
524fa083
530fa083
534fa083
540fa083
544fa083
550fa083
554fa083
560fa083
564fa083
570fa083
574fa083
580fa083
584fa083
590fa083
594fa083
5a0fa083
5a4fa083
5b0fa083
5b4fa083
5c0fa083
5c4fa083
5d0fa083
5d4fa083
5e0fa083
5e4fa083
5f0fa083
5f4fa083
600fa083
604fa083
610fa083
614fa083
620fa083
624fa083
630fa083
634fa083
640fa083
644fa083
650fa083
654fa083
660fa083
664fa083
670fa083
674fa083
680fa083
684fa083
690fa083
694fa083
6a0fa083
6a4fa083
6b0fa083
6b4fa083
6c0fa083
6c4fa083
6d0fa083
6d4fa083
6e0fa083
6e4fa083
6f0fa083
6f4fa083
700fa083
704fa083
710fa083
714fa083
720fa083
724fa083
730fa083
734fa083
740fa083
744fa083
750fa083
754fa083
760fa083
764fa083
770fa083
774fa083
780fa083
784fa083
790fa083
794fa083
7a0fa083
7a4fa083
7b0fa083
7b4fa083
7c0fa083
7c4fa083
7d0fa083
7d4fa083
7e0fa083
7e4fa083
7f0fa083
7f4fa083
1001cfb7
800f8f93
800fa083
804fa083
810fa083
814fa083
820fa083
824fa083
830fa083
834fa083
840fa083
844fa083
850fa083
854fa083
860fa083
864fa083
870fa083
874fa083
880fa083
884fa083
890fa083
894fa083
8a0fa083
8a4fa083
8b0fa083
8b4fa083
8c0fa083
8c4fa083
8d0fa083
8d4fa083
8e0fa083
8e4fa083
8f0fa083
8f4fa083
900fa083
904fa083
910fa083
914fa083
920fa083
924fa083
930fa083
934fa083
940fa083
944fa083
950fa083
954fa083
960fa083
964fa083
970fa083
974fa083
980fa083
984fa083
990fa083
994fa083
9a0fa083
9a4fa083
9b0fa083
9b4fa083
9c0fa083
9c4fa083
9d0fa083
9d4fa083
9e0fa083
9e4fa083
9f0fa083
9f4fa083
a00fa083
a04fa083
a10fa083
a14fa083
a20fa083
a24fa083
a30fa083
a34fa083
a40fa083
a44fa083
a50fa083
a54fa083
a60fa083
a64fa083
a70fa083
a74fa083
a80fa083
a84fa083
a90fa083
a94fa083
aa0fa083
aa4fa083
ab0fa083
ab4fa083
ac0fa083
ac4fa083
ad0fa083
ad4fa083
ae0fa083
ae4fa083
af0fa083
af4fa083
b00fa083
b04fa083
b10fa083
b14fa083
b20fa083
b24fa083
b30fa083
b34fa083
b40fa083
b44fa083
b50fa083
b54fa083
b60fa083
b64fa083
b70fa083
b74fa083
b80fa083
b84fa083
b90fa083
b94fa083
ba0fa083
ba4fa083
bb0fa083
bb4fa083
bc0fa083
bc4fa083
bd0fa083
bd4fa083
be0fa083
be4fa083
bf0fa083
bf4fa083
c00fa083
c04fa083
c10fa083
c14fa083
c20fa083
c24fa083
c30fa083
c34fa083
c40fa083
c44fa083
c50fa083
c54fa083
c60fa083
c64fa083
c70fa083
c74fa083
c80fa083
c84fa083
c90fa083
c94fa083
ca0fa083
ca4fa083
cb0fa083
cb4fa083
cc0fa083
cc4fa083
cd0fa083
cd4fa083
ce0fa083
ce4fa083
cf0fa083
cf4fa083
d00fa083
d04fa083
d10fa083
d14fa083
d20fa083
d24fa083
d30fa083
d34fa083
d40fa083
d44fa083
d50fa083
d54fa083
d60fa083
d64fa083
d70fa083
d74fa083
d80fa083
d84fa083
d90fa083
d94fa083
da0fa083
da4fa083
db0fa083
db4fa083
dc0fa083
dc4fa083
dd0fa083
dd4fa083
de0fa083
de4fa083
df0fa083
df4fa083
e00fa083
e04fa083
e10fa083
e14fa083
e20fa083
e24fa083
e30fa083
e34fa083
e40fa083
e44fa083
e50fa083
e54fa083
e60fa083
e64fa083
e70fa083
e74fa083
e80fa083
e84fa083
e90fa083
e94fa083
ea0fa083
ea4fa083
eb0fa083
eb4fa083
ec0fa083
ec4fa083
ed0fa083
ed4fa083
ee0fa083
ee4fa083
ef0fa083
ef4fa083
f00fa083
f04fa083
f10fa083
f14fa083
f20fa083
f24fa083
f30fa083
f34fa083
f40fa083
f44fa083
f50fa083
f54fa083
f60fa083
f64fa083
f70fa083
f74fa083
f80fa083
f84fa083
f90fa083
f94fa083
fa0fa083
fa4fa083
fb0fa083
fb4fa083
fc0fa083
fc4fa083
fd0fa083
fd4fa083
fe0fa083
fe4fa083
ff0fa083
ff4fa083
000fa083
004fa083
010fa083
014fa083
020fa083
024fa083
030fa083
034fa083
040fa083
044fa083
050fa083
054fa083
060fa083
064fa083
070fa083
074fa083
080fa083
084fa083
090fa083
094fa083
0a0fa083
0a4fa083
0b0fa083
0b4fa083
0c0fa083
0c4fa083
0d0fa083
0d4fa083
0e0fa083
0e4fa083
0f0fa083
0f4fa083
100fa083
104fa083
110fa083
114fa083
120fa083
124fa083
130fa083
134fa083
140fa083
144fa083
150fa083
154fa083
160fa083
164fa083
170fa083
174fa083
180fa083
184fa083
190fa083
194fa083
1a0fa083
1a4fa083
1b0fa083
1b4fa083
1c0fa083
1c4fa083
1d0fa083
1d4fa083
1e0fa083
1e4fa083
1f0fa083
1f4fa083
200fa083
204fa083
210fa083
214fa083
220fa083
224fa083
230fa083
234fa083
240fa083
244fa083
250fa083
254fa083
260fa083
264fa083
270fa083
274fa083
280fa083
284fa083
290fa083
294fa083
2a0fa083
2a4fa083
2b0fa083
2b4fa083
2c0fa083
2c4fa083
2d0fa083
2d4fa083
2e0fa083
2e4fa083
2f0fa083
2f4fa083
300fa083
304fa083
310fa083
314fa083
320fa083
324fa083
330fa083
334fa083
340fa083
344fa083
350fa083
354fa083
360fa083
364fa083
370fa083
374fa083
380fa083
384fa083
390fa083
394fa083
3a0fa083
3a4fa083
3b0fa083
3b4fa083
3c0fa083
3c4fa083
3d0fa083
3d4fa083
3e0fa083
3e4fa083
3f0fa083
3f4fa083
400fa083
404fa083
410fa083
414fa083
420fa083
424fa083
430fa083
434fa083
440fa083
444fa083
450fa083
454fa083
460fa083
464fa083
470fa083
474fa083
480fa083
484fa083
490fa083
494fa083
4a0fa083
4a4fa083
4b0fa083
4b4fa083
4c0fa083
4c4fa083
4d0fa083
4d4fa083
4e0fa083
4e4fa083
4f0fa083
4f4fa083
500fa083
504fa083
510fa083
514fa083
520fa083
524fa083
530fa083
534fa083
540fa083
544fa083
550fa083
554fa083
560fa083
564fa083
570fa083
574fa083
580fa083
584fa083
590fa083
594fa083
5a0fa083
5a4fa083
5b0fa083
5b4fa083
5c0fa083
5c4fa083
5d0fa083
5d4fa083
5e0fa083
5e4fa083
5f0fa083
5f4fa083
600fa083
604fa083
610fa083
614fa083
620fa083
624fa083
630fa083
634fa083
640fa083
644fa083
650fa083
654fa083
660fa083
664fa083
670fa083
674fa083
680fa083
684fa083
690fa083
694fa083
6a0fa083
6a4fa083
6b0fa083
6b4fa083
6c0fa083
6c4fa083
6d0fa083
6d4fa083
6e0fa083
6e4fa083
6f0fa083
6f4fa083
700fa083
704fa083
710fa083
714fa083
720fa083
724fa083
730fa083
734fa083
740fa083
744fa083
750fa083
754fa083
760fa083
764fa083
770fa083
774fa083
780fa083
784fa083
790fa083
794fa083
7a0fa083
7a4fa083
7b0fa083
7b4fa083
7c0fa083
7c4fa083
7d0fa083
7d4fa083
7e0fa083
7e4fa083
7f0fa083
7f4fa083
1001dfb7
800f8f93
800fa083
804fa083
810fa083
814fa083
820fa083
824fa083
830fa083
834fa083
840fa083
844fa083
850fa083
854fa083
860fa083
864fa083
870fa083
874fa083
880fa083
884fa083
890fa083
894fa083
8a0fa083
8a4fa083
8b0fa083
8b4fa083
8c0fa083
8c4fa083
8d0fa083
8d4fa083
8e0fa083
8e4fa083
8f0fa083
8f4fa083
900fa083
904fa083
910fa083
914fa083
920fa083
924fa083
930fa083
934fa083
940fa083
944fa083
950fa083
954fa083
960fa083
964fa083
970fa083
974fa083
980fa083
984fa083
990fa083
994fa083
9a0fa083
9a4fa083
9b0fa083
9b4fa083
9c0fa083
9c4fa083
9d0fa083
9d4fa083
9e0fa083
9e4fa083
9f0fa083
9f4fa083
a00fa083
a04fa083
a10fa083
a14fa083
a20fa083
a24fa083
a30fa083
a34fa083
a40fa083
a44fa083
a50fa083
a54fa083
a60fa083
a64fa083
a70fa083
a74fa083
a80fa083
a84fa083
a90fa083
a94fa083
aa0fa083
aa4fa083
ab0fa083
ab4fa083
ac0fa083
ac4fa083
ad0fa083
ad4fa083
ae0fa083
ae4fa083
af0fa083
af4fa083
b00fa083
b04fa083
b10fa083
b14fa083
b20fa083
b24fa083
b30fa083
b34fa083
b40fa083
b44fa083
b50fa083
b54fa083
b60fa083
b64fa083
b70fa083
b74fa083
b80fa083
b84fa083
b90fa083
b94fa083
ba0fa083
ba4fa083
bb0fa083
bb4fa083
bc0fa083
bc4fa083
bd0fa083
bd4fa083
be0fa083
be4fa083
bf0fa083
bf4fa083
c00fa083
c04fa083
c10fa083
c14fa083
c20fa083
c24fa083
c30fa083
c34fa083
c40fa083
c44fa083
c50fa083
c54fa083
c60fa083
c64fa083
c70fa083
c74fa083
c80fa083
c84fa083
c90fa083
c94fa083
ca0fa083
ca4fa083
cb0fa083
cb4fa083
cc0fa083
cc4fa083
cd0fa083
cd4fa083
ce0fa083
ce4fa083
cf0fa083
cf4fa083
d00fa083
d04fa083
d10fa083
d14fa083
d20fa083
d24fa083
d30fa083
d34fa083
d40fa083
d44fa083
d50fa083
d54fa083
d60fa083
d64fa083
d70fa083
d74fa083
d80fa083
d84fa083
d90fa083
d94fa083
da0fa083
da4fa083
db0fa083
db4fa083
dc0fa083
dc4fa083
dd0fa083
dd4fa083
de0fa083
de4fa083
df0fa083
df4fa083
e00fa083
e04fa083
e10fa083
e14fa083
e20fa083
e24fa083
e30fa083
e34fa083
e40fa083
e44fa083
e50fa083
e54fa083
e60fa083
e64fa083
e70fa083
e74fa083
e80fa083
e84fa083
e90fa083
e94fa083
ea0fa083
ea4fa083
eb0fa083
eb4fa083
ec0fa083
ec4fa083
ed0fa083
ed4fa083
ee0fa083
ee4fa083
ef0fa083
ef4fa083
f00fa083
f04fa083
f10fa083
f14fa083
f20fa083
f24fa083
f30fa083
f34fa083
f40fa083
f44fa083
f50fa083
f54fa083
f60fa083
f64fa083
f70fa083
f74fa083
f80fa083
f84fa083
f90fa083
f94fa083
fa0fa083
fa4fa083
fb0fa083
fb4fa083
fc0fa083
fc4fa083
fd0fa083
fd4fa083
fe0fa083
fe4fa083
ff0fa083
ff4fa083
000fa083
004fa083
010fa083
014fa083
020fa083
024fa083
030fa083
034fa083
040fa083
044fa083
050fa083
054fa083
060fa083
064fa083
070fa083
074fa083
080fa083
084fa083
090fa083
094fa083
0a0fa083
0a4fa083
0b0fa083
0b4fa083
0c0fa083
0c4fa083
0d0fa083
0d4fa083
0e0fa083
0e4fa083
0f0fa083
0f4fa083
100fa083
104fa083
110fa083
114fa083
120fa083
124fa083
130fa083
134fa083
140fa083
144fa083
150fa083
154fa083
160fa083
164fa083
170fa083
174fa083
180fa083
184fa083
190fa083
194fa083
1a0fa083
1a4fa083
1b0fa083
1b4fa083
1c0fa083
1c4fa083
1d0fa083
1d4fa083
1e0fa083
1e4fa083
1f0fa083
1f4fa083
200fa083
204fa083
210fa083
214fa083
220fa083
224fa083
230fa083
234fa083
240fa083
244fa083
250fa083
254fa083
260fa083
264fa083
270fa083
274fa083
280fa083
284fa083
290fa083
294fa083
2a0fa083
2a4fa083
2b0fa083
2b4fa083
2c0fa083
2c4fa083
2d0fa083
2d4fa083
2e0fa083
2e4fa083
2f0fa083
2f4fa083
300fa083
304fa083
310fa083
314fa083
320fa083
324fa083
330fa083
334fa083
340fa083
344fa083
350fa083
354fa083
360fa083
364fa083
370fa083
374fa083
380fa083
384fa083
390fa083
394fa083
3a0fa083
3a4fa083
3b0fa083
3b4fa083
3c0fa083
3c4fa083
3d0fa083
3d4fa083
3e0fa083
3e4fa083
3f0fa083
3f4fa083
400fa083
404fa083
410fa083
414fa083
420fa083
424fa083
430fa083
434fa083
440fa083
444fa083
450fa083
454fa083
460fa083
464fa083
470fa083
474fa083
480fa083
484fa083
490fa083
494fa083
4a0fa083
4a4fa083
4b0fa083
4b4fa083
4c0fa083
4c4fa083
4d0fa083
4d4fa083
4e0fa083
4e4fa083
4f0fa083
4f4fa083
500fa083
504fa083
510fa083
514fa083
520fa083
524fa083
530fa083
534fa083
540fa083
544fa083
550fa083
554fa083
560fa083
564fa083
570fa083
574fa083
580fa083
584fa083
590fa083
594fa083
5a0fa083
5a4fa083
5b0fa083
5b4fa083
5c0fa083
5c4fa083
5d0fa083
5d4fa083
5e0fa083
5e4fa083
5f0fa083
5f4fa083
600fa083
604fa083
610fa083
614fa083
620fa083
624fa083
630fa083
634fa083
640fa083
644fa083
650fa083
654fa083
660fa083
664fa083
670fa083
674fa083
680fa083
684fa083
690fa083
694fa083
6a0fa083
6a4fa083
6b0fa083
6b4fa083
6c0fa083
6c4fa083
6d0fa083
6d4fa083
6e0fa083
6e4fa083
6f0fa083
6f4fa083
700fa083
704fa083
710fa083
714fa083
720fa083
724fa083
730fa083
734fa083
740fa083
744fa083
750fa083
754fa083
760fa083
764fa083
770fa083
774fa083
780fa083
784fa083
790fa083
794fa083
7a0fa083
7a4fa083
7b0fa083
7b4fa083
7c0fa083
7c4fa083
7d0fa083
7d4fa083
7e0fa083
7e4fa083
7f0fa083
7f4fa083
1001efb7
800f8f93
800fa083
804fa083
810fa083
814fa083
820fa083
824fa083
830fa083
834fa083
840fa083
844fa083
850fa083
854fa083
860fa083
864fa083
870fa083
874fa083
880fa083
884fa083
890fa083
894fa083
8a0fa083
8a4fa083
8b0fa083
8b4fa083
8c0fa083
8c4fa083
8d0fa083
8d4fa083
8e0fa083
8e4fa083
8f0fa083
8f4fa083
900fa083
904fa083
910fa083
914fa083
920fa083
924fa083
930fa083
934fa083
940fa083
944fa083
950fa083
954fa083
960fa083
964fa083
970fa083
974fa083
980fa083
984fa083
990fa083
994fa083
9a0fa083
9a4fa083
9b0fa083
9b4fa083
9c0fa083
9c4fa083
9d0fa083
9d4fa083
9e0fa083
9e4fa083
9f0fa083
9f4fa083
a00fa083
a04fa083
a10fa083
a14fa083
a20fa083
a24fa083
a30fa083
a34fa083
a40fa083
a44fa083
a50fa083
a54fa083
a60fa083
a64fa083
a70fa083
a74fa083
a80fa083
a84fa083
a90fa083
a94fa083
aa0fa083
aa4fa083
ab0fa083
ab4fa083
ac0fa083
ac4fa083
ad0fa083
ad4fa083
ae0fa083
ae4fa083
af0fa083
af4fa083
b00fa083
b04fa083
b10fa083
b14fa083
b20fa083
b24fa083
b30fa083
b34fa083
b40fa083
b44fa083
b50fa083
b54fa083
b60fa083
b64fa083
b70fa083
b74fa083
b80fa083
b84fa083
b90fa083
b94fa083
ba0fa083
ba4fa083
bb0fa083
bb4fa083
bc0fa083
bc4fa083
bd0fa083
bd4fa083
be0fa083
be4fa083
bf0fa083
bf4fa083
c00fa083
c04fa083
c10fa083
c14fa083
c20fa083
c24fa083
c30fa083
c34fa083
c40fa083
c44fa083
c50fa083
c54fa083
c60fa083
c64fa083
c70fa083
c74fa083
c80fa083
c84fa083
c90fa083
c94fa083
ca0fa083
ca4fa083
cb0fa083
cb4fa083
cc0fa083
cc4fa083
cd0fa083
cd4fa083
ce0fa083
ce4fa083
cf0fa083
cf4fa083
d00fa083
d04fa083
d10fa083
d14fa083
d20fa083
d24fa083
d30fa083
d34fa083
d40fa083
d44fa083
d50fa083
d54fa083
d60fa083
d64fa083
d70fa083
d74fa083
d80fa083
d84fa083
d90fa083
d94fa083
da0fa083
da4fa083
db0fa083
db4fa083
dc0fa083
dc4fa083
dd0fa083
dd4fa083
de0fa083
de4fa083
df0fa083
df4fa083
e00fa083
e04fa083
e10fa083
e14fa083
e20fa083
e24fa083
e30fa083
e34fa083
e40fa083
e44fa083
e50fa083
e54fa083
e60fa083
e64fa083
e70fa083
e74fa083
e80fa083
e84fa083
e90fa083
e94fa083
ea0fa083
ea4fa083
eb0fa083
eb4fa083
ec0fa083
ec4fa083
ed0fa083
ed4fa083
ee0fa083
ee4fa083
ef0fa083
ef4fa083
f00fa083
f04fa083
f10fa083
f14fa083
f20fa083
f24fa083
f30fa083
f34fa083
f40fa083
f44fa083
f50fa083
f54fa083
f60fa083
f64fa083
f70fa083
f74fa083
f80fa083
f84fa083
f90fa083
f94fa083
fa0fa083
fa4fa083
fb0fa083
fb4fa083
fc0fa083
fc4fa083
fd0fa083
fd4fa083
fe0fa083
fe4fa083
ff0fa083
ff4fa083
000fa083
004fa083
010fa083
014fa083
020fa083
024fa083
030fa083
034fa083
040fa083
044fa083
050fa083
054fa083
060fa083
064fa083
070fa083
074fa083
080fa083
084fa083
090fa083
094fa083
0a0fa083
0a4fa083
0b0fa083
0b4fa083
0c0fa083
0c4fa083
0d0fa083
0d4fa083
0e0fa083
0e4fa083
0f0fa083
0f4fa083
100fa083
104fa083
110fa083
114fa083
120fa083
124fa083
130fa083
134fa083
140fa083
144fa083
150fa083
154fa083
160fa083
164fa083
170fa083
174fa083
180fa083
184fa083
190fa083
194fa083
1a0fa083
1a4fa083
1b0fa083
1b4fa083
1c0fa083
1c4fa083
1d0fa083
1d4fa083
1e0fa083
1e4fa083
1f0fa083
1f4fa083
200fa083
204fa083
210fa083
214fa083
220fa083
224fa083
230fa083
234fa083
240fa083
244fa083
250fa083
254fa083
260fa083
264fa083
270fa083
274fa083
280fa083
284fa083
290fa083
294fa083
2a0fa083
2a4fa083
2b0fa083
2b4fa083
2c0fa083
2c4fa083
2d0fa083
2d4fa083
2e0fa083
2e4fa083
2f0fa083
2f4fa083
300fa083
304fa083
310fa083
314fa083
320fa083
324fa083
330fa083
334fa083
340fa083
344fa083
350fa083
354fa083
360fa083
364fa083
370fa083
374fa083
380fa083
384fa083
390fa083
394fa083
3a0fa083
3a4fa083
3b0fa083
3b4fa083
3c0fa083
3c4fa083
3d0fa083
3d4fa083
3e0fa083
3e4fa083
3f0fa083
3f4fa083
400fa083
404fa083
410fa083
414fa083
420fa083
424fa083
430fa083
434fa083
440fa083
444fa083
450fa083
454fa083
460fa083
464fa083
470fa083
474fa083
480fa083
484fa083
490fa083
494fa083
4a0fa083
4a4fa083
4b0fa083
4b4fa083
4c0fa083
4c4fa083
4d0fa083
4d4fa083
4e0fa083
4e4fa083
4f0fa083
4f4fa083
500fa083
504fa083
510fa083
514fa083
520fa083
524fa083
530fa083
534fa083
540fa083
544fa083
550fa083
554fa083
560fa083
564fa083
570fa083
574fa083
580fa083
584fa083
590fa083
594fa083
5a0fa083
5a4fa083
5b0fa083
5b4fa083
5c0fa083
5c4fa083
5d0fa083
5d4fa083
5e0fa083
5e4fa083
5f0fa083
5f4fa083
600fa083
604fa083
610fa083
614fa083
620fa083
624fa083
630fa083
634fa083
640fa083
644fa083
650fa083
654fa083
660fa083
664fa083
670fa083
674fa083
680fa083
684fa083
690fa083
694fa083
6a0fa083
6a4fa083
6b0fa083
6b4fa083
6c0fa083
6c4fa083
6d0fa083
6d4fa083
6e0fa083
6e4fa083
6f0fa083
6f4fa083
700fa083
704fa083
710fa083
714fa083
720fa083
724fa083
730fa083
734fa083
740fa083
744fa083
750fa083
754fa083
760fa083
764fa083
770fa083
774fa083
780fa083
784fa083
790fa083
794fa083
7a0fa083
7a4fa083
7b0fa083
7b4fa083
7c0fa083
7c4fa083
7d0fa083
7d4fa083
7e0fa083
7e4fa083
7f0fa083
7f4fa083
1001ffb7
800f8f93
800fa083
804fa083
810fa083
814fa083
820fa083
824fa083
830fa083
834fa083
840fa083
844fa083
850fa083
854fa083
860fa083
864fa083
870fa083
874fa083
880fa083
884fa083
890fa083
894fa083
8a0fa083
8a4fa083
8b0fa083
8b4fa083
8c0fa083
8c4fa083
8d0fa083
8d4fa083
8e0fa083
8e4fa083
8f0fa083
8f4fa083
900fa083
904fa083
910fa083
914fa083
920fa083
924fa083
930fa083
934fa083
940fa083
944fa083
950fa083
954fa083
960fa083
964fa083
970fa083
974fa083
980fa083
984fa083
990fa083
994fa083
9a0fa083
9a4fa083
9b0fa083
9b4fa083
9c0fa083
9c4fa083
9d0fa083
9d4fa083
9e0fa083
9e4fa083
9f0fa083
9f4fa083
a00fa083
a04fa083
a10fa083
a14fa083
a20fa083
a24fa083
a30fa083
a34fa083
a40fa083
a44fa083
a50fa083
a54fa083
a60fa083
a64fa083
a70fa083
a74fa083
a80fa083
a84fa083
a90fa083
a94fa083
aa0fa083
aa4fa083
ab0fa083
ab4fa083
ac0fa083
ac4fa083
ad0fa083
ad4fa083
ae0fa083
ae4fa083
af0fa083
af4fa083
b00fa083
b04fa083
b10fa083
b14fa083
b20fa083
b24fa083
b30fa083
b34fa083
b40fa083
b44fa083
b50fa083
b54fa083
b60fa083
b64fa083
b70fa083
b74fa083
b80fa083
b84fa083
b90fa083
b94fa083
ba0fa083
ba4fa083
bb0fa083
bb4fa083
bc0fa083
bc4fa083
bd0fa083
bd4fa083
be0fa083
be4fa083
bf0fa083
bf4fa083
c00fa083
c04fa083
c10fa083
c14fa083
c20fa083
c24fa083
c30fa083
c34fa083
c40fa083
c44fa083
c50fa083
c54fa083
c60fa083
c64fa083
c70fa083
c74fa083
c80fa083
c84fa083
c90fa083
c94fa083
ca0fa083
ca4fa083
cb0fa083
cb4fa083
cc0fa083
cc4fa083
cd0fa083
cd4fa083
ce0fa083
ce4fa083
cf0fa083
cf4fa083
d00fa083
d04fa083
d10fa083
d14fa083
d20fa083
d24fa083
d30fa083
d34fa083
d40fa083
d44fa083
d50fa083
d54fa083
d60fa083
d64fa083
d70fa083
d74fa083
d80fa083
d84fa083
d90fa083
d94fa083
da0fa083
da4fa083
db0fa083
db4fa083
dc0fa083
dc4fa083
dd0fa083
dd4fa083
de0fa083
de4fa083
df0fa083
df4fa083
e00fa083
e04fa083
e10fa083
e14fa083
e20fa083
e24fa083
e30fa083
e34fa083
e40fa083
e44fa083
e50fa083
e54fa083
e60fa083
e64fa083
e70fa083
e74fa083
e80fa083
e84fa083
e90fa083
e94fa083
ea0fa083
ea4fa083
eb0fa083
eb4fa083
ec0fa083
ec4fa083
ed0fa083
ed4fa083
ee0fa083
ee4fa083
ef0fa083
ef4fa083
f00fa083
f04fa083
f10fa083
f14fa083
f20fa083
f24fa083
f30fa083
f34fa083
f40fa083
f44fa083
f50fa083
f54fa083
f60fa083
f64fa083
f70fa083
f74fa083
f80fa083
f84fa083
f90fa083
f94fa083
fa0fa083
fa4fa083
fb0fa083
fb4fa083
fc0fa083
fc4fa083
fd0fa083
fd4fa083
fe0fa083
fe4fa083
ff0fa083
ff4fa083
000fa083
004fa083
010fa083
014fa083
020fa083
024fa083
030fa083
034fa083
040fa083
044fa083
050fa083
054fa083
060fa083
064fa083
070fa083
074fa083
080fa083
084fa083
090fa083
094fa083
0a0fa083
0a4fa083
0b0fa083
0b4fa083
0c0fa083
0c4fa083
0d0fa083
0d4fa083
0e0fa083
0e4fa083
0f0fa083
0f4fa083
100fa083
104fa083
110fa083
114fa083
120fa083
124fa083
130fa083
134fa083
140fa083
144fa083
150fa083
154fa083
160fa083
164fa083
170fa083
174fa083
180fa083
184fa083
190fa083
194fa083
1a0fa083
1a4fa083
1b0fa083
1b4fa083
1c0fa083
1c4fa083
1d0fa083
1d4fa083
1e0fa083
1e4fa083
1f0fa083
1f4fa083
200fa083
204fa083
210fa083
214fa083
220fa083
224fa083
230fa083
234fa083
240fa083
244fa083
250fa083
254fa083
260fa083
264fa083
270fa083
274fa083
280fa083
284fa083
290fa083
294fa083
2a0fa083
2a4fa083
2b0fa083
2b4fa083
2c0fa083
2c4fa083
2d0fa083
2d4fa083
2e0fa083
2e4fa083
2f0fa083
2f4fa083
300fa083
304fa083
310fa083
314fa083
320fa083
324fa083
330fa083
334fa083
340fa083
344fa083
350fa083
354fa083
360fa083
364fa083
370fa083
374fa083
380fa083
384fa083
390fa083
394fa083
3a0fa083
3a4fa083
3b0fa083
3b4fa083
3c0fa083
3c4fa083
3d0fa083
3d4fa083
3e0fa083
3e4fa083
3f0fa083
3f4fa083
400fa083
404fa083
410fa083
414fa083
420fa083
424fa083
430fa083
434fa083
440fa083
444fa083
450fa083
454fa083
460fa083
464fa083
470fa083
474fa083
480fa083
484fa083
490fa083
494fa083
4a0fa083
4a4fa083
4b0fa083
4b4fa083
4c0fa083
4c4fa083
4d0fa083
4d4fa083
4e0fa083
4e4fa083
4f0fa083
4f4fa083
500fa083
504fa083
510fa083
514fa083
520fa083
524fa083
530fa083
534fa083
540fa083
544fa083
550fa083
554fa083
560fa083
564fa083
570fa083
574fa083
580fa083
584fa083
590fa083
594fa083
5a0fa083
5a4fa083
5b0fa083
5b4fa083
5c0fa083
5c4fa083
5d0fa083
5d4fa083
5e0fa083
5e4fa083
5f0fa083
5f4fa083
600fa083
604fa083
610fa083
614fa083
620fa083
624fa083
630fa083
634fa083
640fa083
644fa083
650fa083
654fa083
660fa083
664fa083
670fa083
674fa083
680fa083
684fa083
690fa083
694fa083
6a0fa083
6a4fa083
6b0fa083
6b4fa083
6c0fa083
6c4fa083
6d0fa083
6d4fa083
6e0fa083
6e4fa083
6f0fa083
6f4fa083
700fa083
704fa083
710fa083
714fa083
720fa083
724fa083
730fa083
734fa083
740fa083
744fa083
750fa083
754fa083
760fa083
764fa083
770fa083
774fa083
780fa083
784fa083
790fa083
794fa083
7a0fa083
7a4fa083
7b0fa083
7b4fa083
7c0fa083
7c4fa083
7d0fa083
7d4fa083
7e0fa083
7e4fa083
7f0fa083
7f4fa083
10020fb7
800f8f93
800fa083
804fa083
810fa083
814fa083
820fa083
824fa083
830fa083
834fa083
840fa083
844fa083
850fa083
854fa083
860fa083
864fa083
870fa083
874fa083
880fa083
884fa083
890fa083
894fa083
8a0fa083
8a4fa083
8b0fa083
8b4fa083
8c0fa083
8c4fa083
8d0fa083
8d4fa083
8e0fa083
8e4fa083
8f0fa083
8f4fa083
900fa083
904fa083
910fa083
914fa083
920fa083
924fa083
930fa083
934fa083
940fa083
944fa083
950fa083
954fa083
960fa083
964fa083
970fa083
974fa083
980fa083
984fa083
990fa083
994fa083
9a0fa083
9a4fa083
9b0fa083
9b4fa083
9c0fa083
9c4fa083
9d0fa083
9d4fa083
9e0fa083
9e4fa083
9f0fa083
9f4fa083
a00fa083
a04fa083
a10fa083
a14fa083
a20fa083
a24fa083
a30fa083
a34fa083
a40fa083
a44fa083
a50fa083
a54fa083
a60fa083
a64fa083
a70fa083
a74fa083
a80fa083
a84fa083
a90fa083
a94fa083
aa0fa083
aa4fa083
ab0fa083
ab4fa083
ac0fa083
ac4fa083
ad0fa083
ad4fa083
ae0fa083
ae4fa083
af0fa083
af4fa083
b00fa083
b04fa083
b10fa083
b14fa083
b20fa083
b24fa083
b30fa083
b34fa083
b40fa083
b44fa083
b50fa083
b54fa083
b60fa083
b64fa083
b70fa083
b74fa083
b80fa083
b84fa083
b90fa083
b94fa083
ba0fa083
ba4fa083
bb0fa083
bb4fa083
bc0fa083
bc4fa083
bd0fa083
bd4fa083
be0fa083
be4fa083
bf0fa083
bf4fa083
c00fa083
c04fa083
c10fa083
c14fa083
c20fa083
c24fa083
c30fa083
c34fa083
c40fa083
c44fa083
c50fa083
c54fa083
c60fa083
c64fa083
c70fa083
c74fa083
c80fa083
c84fa083
c90fa083
c94fa083
ca0fa083
ca4fa083
cb0fa083
cb4fa083
cc0fa083
cc4fa083
cd0fa083
cd4fa083
ce0fa083
ce4fa083
cf0fa083
cf4fa083
d00fa083
d04fa083
d10fa083
d14fa083
d20fa083
d24fa083
d30fa083
d34fa083
d40fa083
d44fa083
d50fa083
d54fa083
d60fa083
d64fa083
d70fa083
d74fa083
d80fa083
d84fa083
d90fa083
d94fa083
da0fa083
da4fa083
db0fa083
db4fa083
dc0fa083
dc4fa083
dd0fa083
dd4fa083
de0fa083
de4fa083
df0fa083
df4fa083
e00fa083
e04fa083
e10fa083
e14fa083
e20fa083
e24fa083
e30fa083
e34fa083
e40fa083
e44fa083
e50fa083
e54fa083
e60fa083
e64fa083
e70fa083
e74fa083
e80fa083
e84fa083
e90fa083
e94fa083
ea0fa083
ea4fa083
eb0fa083
eb4fa083
ec0fa083
ec4fa083
ed0fa083
ed4fa083
ee0fa083
ee4fa083
ef0fa083
ef4fa083
f00fa083
f04fa083
f10fa083
f14fa083
f20fa083
f24fa083
f30fa083
f34fa083
f40fa083
f44fa083
f50fa083
f54fa083
f60fa083
f64fa083
f70fa083
f74fa083
f80fa083
f84fa083
f90fa083
f94fa083
fa0fa083
fa4fa083
fb0fa083
fb4fa083
fc0fa083
fc4fa083
fd0fa083
fd4fa083
fe0fa083
fe4fa083
ff0fa083
ff4fa083
000fa083
004fa083
010fa083
014fa083
020fa083
024fa083
030fa083
034fa083
040fa083
044fa083
050fa083
054fa083
060fa083
064fa083
070fa083
074fa083
080fa083
084fa083
090fa083
094fa083
0a0fa083
0a4fa083
0b0fa083
0b4fa083
0c0fa083
0c4fa083
0d0fa083
0d4fa083
0e0fa083
0e4fa083
0f0fa083
0f4fa083
100fa083
104fa083
110fa083
114fa083
120fa083
124fa083
130fa083
134fa083
140fa083
144fa083
150fa083
154fa083
160fa083
164fa083
170fa083
174fa083
180fa083
184fa083
190fa083
194fa083
1a0fa083
1a4fa083
1b0fa083
1b4fa083
1c0fa083
1c4fa083
1d0fa083
1d4fa083
1e0fa083
1e4fa083
1f0fa083
1f4fa083
200fa083
204fa083
210fa083
214fa083
220fa083
224fa083
230fa083
234fa083
240fa083
244fa083
250fa083
254fa083
260fa083
264fa083
270fa083
274fa083
280fa083
284fa083
290fa083
294fa083
2a0fa083
2a4fa083
2b0fa083
2b4fa083
2c0fa083
2c4fa083
2d0fa083
2d4fa083
2e0fa083
2e4fa083
2f0fa083
2f4fa083
300fa083
304fa083
310fa083
314fa083
320fa083
324fa083
330fa083
334fa083
340fa083
344fa083
350fa083
354fa083
360fa083
364fa083
370fa083
374fa083
380fa083
384fa083
390fa083
394fa083
3a0fa083
3a4fa083
3b0fa083
3b4fa083
3c0fa083
3c4fa083
3d0fa083
3d4fa083
3e0fa083
3e4fa083
3f0fa083
3f4fa083
400fa083
404fa083
410fa083
414fa083
420fa083
424fa083
430fa083
434fa083
440fa083
444fa083
450fa083
454fa083
460fa083
464fa083
470fa083
474fa083
480fa083
484fa083
490fa083
494fa083
4a0fa083
4a4fa083
4b0fa083
4b4fa083
4c0fa083
4c4fa083
4d0fa083
4d4fa083
4e0fa083
4e4fa083
4f0fa083
4f4fa083
500fa083
504fa083
510fa083
514fa083
520fa083
524fa083
530fa083
534fa083
540fa083
544fa083
550fa083
554fa083
560fa083
564fa083
570fa083
574fa083
580fa083
584fa083
590fa083
594fa083
5a0fa083
5a4fa083
5b0fa083
5b4fa083
5c0fa083
5c4fa083
5d0fa083
5d4fa083
5e0fa083
5e4fa083
5f0fa083
5f4fa083
600fa083
604fa083
610fa083
614fa083
620fa083
624fa083
630fa083
634fa083
640fa083
644fa083
650fa083
654fa083
660fa083
664fa083
670fa083
674fa083
680fa083
684fa083
690fa083
694fa083
6a0fa083
6a4fa083
6b0fa083
6b4fa083
6c0fa083
6c4fa083
6d0fa083
6d4fa083
6e0fa083
6e4fa083
6f0fa083
6f4fa083
700fa083
704fa083
710fa083
714fa083
720fa083
724fa083
730fa083
734fa083
740fa083
744fa083
750fa083
754fa083
760fa083
764fa083
770fa083
774fa083
780fa083
784fa083
790fa083
794fa083
7a0fa083
7a4fa083
7b0fa083
7b4fa083
7c0fa083
7c4fa083
7d0fa083
7d4fa083
7e0fa083
7e4fa083
7f0fa083
7f4fa083
00100073
